audio_path|text|duration|speaker|utt_id|domain
data/processed/syspin_24k/bho_f/IISc_SYSPINProject_bho_f_AGRI_00001.wav|फसल उगावे बदे ओकरे हिसाब से बातावरण जमीन अउर उर्वरा सक्ति क पहचान करल अउर ओही अधार पर फसल बोअल फसल चयन कहाला|10.080|bho_f|IISc_SYSPINProject_bho_f_AGRI_00001|AGRICULTURE
data/processed/syspin_24k/bho_f/IISc_SYSPINProject_bho_f_AGRI_00009.wav|जैतून के तेल, सोयाबीन क तेल, कैनौला तेल, कद्दू के बीया क तेल, मकई क तेल, सूरजमुखी क तेल आदि सब खाए वाला तेल हौ.|10.720|bho_f|IISc_SYSPINProject_bho_f_AGRI_00009|AGRICULTURE
data/processed/syspin_24k/bho_f/IISc_SYSPINProject_bho_f_AGRI_00112.wav|बोवन्स ब्राउन्स हाइलाइन्स आस्ट्रेलारप्स लेघोर्न्स हौ|4.080|bho_f|IISc_SYSPINProject_bho_f_AGRI_00112|AGRICULTURE
data/processed/syspin_24k/bho_f/IISc_SYSPINProject_bho_f_AGRI_00123.wav|हमरे गाँव के बहुत जगह पर पोखरि में मछ्ली पालन के कार बार गाँव के लोग करत बाटन|6.660|bho_f|IISc_SYSPINProject_bho_f_AGRI_00123|AGRICULTURE
data/processed/syspin_24k/bho_f/IISc_SYSPINProject_bho_f_AGRI_00147.wav|भारत मे बाँस लगभग एक सौ छत्तीस किसिम के होला अउर पूर्वोत्तर भारत मे बाँस बहुत पावल जाला|7.020|bho_f|IISc_SYSPINProject_bho_f_AGRI_00147|AGRICULTURE
data/processed/syspin_24k/bho_f/IISc_SYSPINProject_bho_f_AGRI_00167.wav|चिया साल्विया हिस्पैनिका पुदीना परिवार से हउवे मेक्सिको ग्वाटेमाला के मूल निवासी फूल के पौधा के प्रजाति हउवे|9.440|bho_f|IISc_SYSPINProject_bho_f_AGRI_00167|AGRICULTURE
data/processed/syspin_24k/bho_f/IISc_SYSPINProject_bho_f_AGRI_00189.wav|मध्याह्न भोजन योजना भारत में एगो स्कूली भोजन कार्यक्रम हवे जे लइकन के पौष्टिक भोजन प्रदान करेला|8.159|bho_f|IISc_SYSPINProject_bho_f_AGRI_00189|AGRICULTURE
data/processed/syspin_24k/bho_f/IISc_SYSPINProject_bho_f_AGRI_00211.wav|पानी में डूब जाए से एस्चुअरी मछली पालन, पट्टन अउर औद्योगिक काम के विकास बदे सही जगह हौ.|7.720|bho_f|IISc_SYSPINProject_bho_f_AGRI_00211|AGRICULTURE
data/processed/syspin_24k/bho_f/IISc_SYSPINProject_bho_f_AGRI_00262.wav|शत्रुघ्न खेती में आर्थिक सहायता खातिर आवेदन करे गईले|4.140|bho_f|IISc_SYSPINProject_bho_f_AGRI_00262|AGRICULTURE
data/processed/syspin_24k/bho_f/IISc_SYSPINProject_bho_f_AGRI_00370.wav|रानी मधुमक्खी के प्रजनन फसल के परागण करे खातिर मधुमक्खी पालन के योजना बनावेलें समन्वय करेलें|8.410|bho_f|IISc_SYSPINProject_bho_f_AGRI_00370|AGRICULTURE
data/processed/syspin_24k/bho_f/IISc_SYSPINProject_bho_f_AGRI_00436.wav|लोबिया एगो पौधा हौ जेकर फली पतला अउरी लम्बा होला|4.540|bho_f|IISc_SYSPINProject_bho_f_AGRI_00436|AGRICULTURE
data/processed/syspin_24k/bho_f/IISc_SYSPINProject_bho_f_AGRI_00482.wav|मंडी प्रणाली मे मंडी रेगुलेशन क सब नियम खरीद फरोख्त करे वाला के माने के पड़ेला|6.460|bho_f|IISc_SYSPINProject_bho_f_AGRI_00482|AGRICULTURE
data/processed/syspin_24k/bho_f/IISc_SYSPINProject_bho_f_AGRI_00568.wav|आम तौर पर बीज के बढ़े में पौधा के मुक़ाबले तनिका जादा समय लागेला|5.140|bho_f|IISc_SYSPINProject_bho_f_AGRI_00568|AGRICULTURE
data/processed/syspin_24k/bho_f/IISc_SYSPINProject_bho_f_AGRI_00589.wav|जियोडक एक ठे बड़हन खाद्य खारे पानी के क्लैम हव|4.260|bho_f|IISc_SYSPINProject_bho_f_AGRI_00589|AGRICULTURE
data/processed/syspin_24k/bho_f/IISc_SYSPINProject_bho_f_AGRI_00590.wav|परागण ऊ प्रक्रिया हवे जे पराग स्टैमेन से निकले के समय से बिकसित होला|5.960|bho_f|IISc_SYSPINProject_bho_f_AGRI_00590|AGRICULTURE
data/processed/syspin_24k/bho_f/IISc_SYSPINProject_bho_f_AGRI_00641.wav|कमल के फूल जल से उत्पन्न होके कीचड़ में खिलेला इ दोनों से निर्लिप्त रहके पवित्र जीवन जीये के प्रेरणा देला|8.900|bho_f|IISc_SYSPINProject_bho_f_AGRI_00641|AGRICULTURE
data/processed/syspin_24k/bho_f/IISc_SYSPINProject_bho_f_AGRI_00656.wav|कॉफी के बारे मे सबसे पुरान प्रमाण पन्द्रहौीं सदी के बीच में यमन में अहमद अल गफ्फर के बिबरन सब में मिलेला|8.800|bho_f|IISc_SYSPINProject_bho_f_AGRI_00656|AGRICULTURE
data/processed/syspin_24k/bho_f/IISc_SYSPINProject_bho_f_AGRI_00661.wav|क्रैब बोटके दुनो तरफ जाल लगल रहेला|3.360|bho_f|IISc_SYSPINProject_bho_f_AGRI_00661|AGRICULTURE
data/processed/syspin_24k/bho_f/IISc_SYSPINProject_bho_f_AGRI_00719.wav|शरीफा कउनो फल के एगो आम नाम हौ अउरि एके पैदा करे वाला पेड़ एनोना रेटिक्युलेटा हउवे|7.990|bho_f|IISc_SYSPINProject_bho_f_AGRI_00719|AGRICULTURE
data/processed/syspin_24k/bho_f/IISc_SYSPINProject_bho_f_AGRI_00814.wav|पिच फोर्क एगो कृषि हथियार हौ लंबा हौंडिल के साथ जेसे दू से पांच गुना भरी समान के उठाए बदे इस्तेमाल कइल जाला.|8.820|bho_f|IISc_SYSPINProject_bho_f_AGRI_00814|AGRICULTURE
data/processed/syspin_24k/bho_f/IISc_SYSPINProject_bho_f_AGRI_00858.wav|आइवी गौर्डो जेके आम भासा में कुनरु कहल जाला ई एगो सबजी होला|5.280|bho_f|IISc_SYSPINProject_bho_f_AGRI_00858|AGRICULTURE
data/processed/syspin_24k/bho_f/IISc_SYSPINProject_bho_f_AGRI_00862.wav|गोभी के कइगो प्रकार से लजीज ब्यंजन बन सकेला|3.610|bho_f|IISc_SYSPINProject_bho_f_AGRI_00862|AGRICULTURE
data/processed/syspin_24k/bho_f/IISc_SYSPINProject_bho_f_AGRI_00889.wav|भेड़ उत्पादन में दूध ऊन खाल गोश्त अउर ई भेड़ के मींगनी आवेला|5.940|bho_f|IISc_SYSPINProject_bho_f_AGRI_00889|AGRICULTURE
data/processed/syspin_24k/bho_f/IISc_SYSPINProject_bho_f_AGRI_00890.wav|अरबी के पत्ती के कोलोकेसिया लीव्स या टारो लीव्स के नाम से भी जानल जाला|5.435|bho_f|IISc_SYSPINProject_bho_f_AGRI_00890|AGRICULTURE
data/processed/syspin_24k/bho_f/IISc_SYSPINProject_bho_f_AGRI_00910.wav|भारत में सबसे जादा लोग रहर के दालि के बढियां मानऽलन|4.507|bho_f|IISc_SYSPINProject_bho_f_AGRI_00910|AGRICULTURE
data/processed/syspin_24k/bho_f/IISc_SYSPINProject_bho_f_AGRI_00942.wav|फलियां आउर बींस दुनिया भर में मसहूर हौ जवने के फ्रेंच बींस,स्ट्रिंग बींस,फाइन बींस कुल कई ठे नाम से जानल जाला|9.320|bho_f|IISc_SYSPINProject_bho_f_AGRI_00942|AGRICULTURE
data/processed/syspin_24k/bho_f/IISc_SYSPINProject_bho_f_AGRI_00995.wav|लौंग ट्रॉपिकल् झाड़ क कच्चा खुलल फूल क कलि होला|4.680|bho_f|IISc_SYSPINProject_bho_f_AGRI_00995|AGRICULTURE
data/processed/syspin_24k/bho_f/IISc_SYSPINProject_bho_f_AGRI_01006.wav|पशुपालन में जानवरन के स्वास्थ अउर जानवरन के रख्ररखाव क बहुतै ख़याल रक्खल जाला|6.220|bho_f|IISc_SYSPINProject_bho_f_AGRI_01006|AGRICULTURE
data/processed/syspin_24k/bho_f/IISc_SYSPINProject_bho_f_AGRI_01034.wav|वानिकी बगवानी बदे पौधन के जहवाँ पनफे आ बढ़े खातिर उगावल जाला ओके नर्सरी कहल जाला|7.440|bho_f|IISc_SYSPINProject_bho_f_AGRI_01034|AGRICULTURE
data/processed/syspin_24k/bho_f/IISc_SYSPINProject_bho_f_AGRI_01091.wav|मड्डू मड्डा लाठी चादर से बनल पानी के धार हवे चादर पहाड़ी झाड़ी निहन खजूर के पेड़ के पत्ता से बनल ह|9.120|bho_f|IISc_SYSPINProject_bho_f_AGRI_01091|AGRICULTURE
data/processed/syspin_24k/bho_f/IISc_SYSPINProject_bho_f_AGRI_01134.wav|गाय के गोबर के गाँव जवार में पावन मानल जाला एकर इस्तेमाल पूजा से लेके चूल्हा चउका में होला|7.680|bho_f|IISc_SYSPINProject_bho_f_AGRI_01134|AGRICULTURE
data/processed/syspin_24k/bho_f/IISc_SYSPINProject_bho_f_AGRI_01215.wav|छत्तीसगढ़ के कोंडागांव क किसान नौ लाख रूपया में एक कुंटल के भाव से कोहड़ा क बीज बेचत हउअन|7.540|bho_f|IISc_SYSPINProject_bho_f_AGRI_01215|AGRICULTURE
data/processed/syspin_24k/bho_f/IISc_SYSPINProject_bho_f_AGRI_01254.wav|केन्द्र सरकार डेयरी क्षेत्र खातिर वर्किंग कैपिटल लोन पर ब्याज सबवेंशन के एगो नया योजना शुरू कइले बिया|8.060|bho_f|IISc_SYSPINProject_bho_f_AGRI_01254|AGRICULTURE
data/processed/syspin_24k/bho_f/IISc_SYSPINProject_bho_f_AGRI_01283.wav|भारत में किरसी उत्पाद बड़े मंडी थोक बाजार जइसन पारम्परिक ब्यबस्था ढेर परचलित ह|7.100|bho_f|IISc_SYSPINProject_bho_f_AGRI_01283|AGRICULTURE
data/processed/syspin_24k/bho_f/IISc_SYSPINProject_bho_f_AGRI_01373.wav|जब कउनो अँखुआ आउर पतई मुरझा जाला तब पानी डाल के बाद फीर से पनफ जाला तब ओके अस्थाई विलटिंग कहल जाला|9.720|bho_f|IISc_SYSPINProject_bho_f_AGRI_01373|AGRICULTURE
data/processed/syspin_24k/bho_f/IISc_SYSPINProject_bho_f_AGRI_01465.wav|नेरियम ओलियंडर कनेर कहल जाला एकर पत्ता से साँप बिच्छी का जहर कम होला बाल का सफ़ेद होवे से रोकेला|8.680|bho_f|IISc_SYSPINProject_bho_f_AGRI_01465|AGRICULTURE
data/processed/syspin_24k/bho_f/IISc_SYSPINProject_bho_f_AGRI_01742.wav|क्षेत्र के लंबाई चौड़ाई तय करीं, जवना के फुट में नापल जाई, लंबाई के चौड़ाई से गुणा करीं त वर्ग फुट हो जाई|8.340|bho_f|IISc_SYSPINProject_bho_f_AGRI_01742|AGRICULTURE
data/processed/syspin_24k/bho_f/IISc_SYSPINProject_bho_f_AGRI_01763.wav|जानवरन क अभिजाती जेम्मन परजनन भण्डार सुद्ध नसल परजनन इत्तादि सामिल हौ|6.680|bho_f|IISc_SYSPINProject_bho_f_AGRI_01763|AGRICULTURE
data/processed/syspin_24k/bho_f/IISc_SYSPINProject_bho_f_AGRI_01778.wav|कश्मीरी पंडित पिक्चर हम अबही तक ना देखले हईला|4.120|bho_f|IISc_SYSPINProject_bho_f_AGRI_01778|AGRICULTURE
data/processed/syspin_24k/bho_f/IISc_SYSPINProject_bho_f_AGRI_01795.wav|सोयाबीन के वैज्ञानिक नाम ग्लाईसीन मैक्स होला|3.440|bho_f|IISc_SYSPINProject_bho_f_AGRI_01795|AGRICULTURE
data/processed/syspin_24k/bho_f/IISc_SYSPINProject_bho_f_AGRI_01821.wav|पसूचारन पर्यावरन के लिहाज से ठीक ह बाकिर आधुनिक तरीका से पसुधन क पालन बायोमास केंद्रित खेती बदे बिनासकारी होला|9.700|bho_f|IISc_SYSPINProject_bho_f_AGRI_01821|AGRICULTURE
data/processed/syspin_24k/bho_f/IISc_SYSPINProject_bho_f_AGRI_01941.wav|भारतीय पशु नस्लन की सूची में देसी नसल जरसी नसल इत्तादि नसल हव|5.806|bho_f|IISc_SYSPINProject_bho_f_AGRI_01941|AGRICULTURE
data/processed/syspin_24k/bho_f/IISc_SYSPINProject_bho_f_AGRI_02128.wav|श्रीकांत के लग्गे जमुनापुरी जइसन बढ़िया नस्ल क बकरी हव|4.380|bho_f|IISc_SYSPINProject_bho_f_AGRI_02128|AGRICULTURE
data/processed/syspin_24k/bho_f/IISc_SYSPINProject_bho_f_AGRI_02134.wav|तरबूज के बीया हार्ट के हेल्थ बदे फायदेमंद हौ, शुगर बदे भी अच्छा हौ.|5.340|bho_f|IISc_SYSPINProject_bho_f_AGRI_02134|AGRICULTURE
data/processed/syspin_24k/bho_f/IISc_SYSPINProject_bho_f_AGRI_02343.wav|मवेशी हारमोंस जानवर से निर्मित होला|2.689|bho_f|IISc_SYSPINProject_bho_f_AGRI_02343|AGRICULTURE
data/processed/syspin_24k/bho_f/IISc_SYSPINProject_bho_f_AGRI_02397.wav|किसानन के मानसून क इंतजार बड़ा ही बेसब्री से रहेला|4.060|bho_f|IISc_SYSPINProject_bho_f_AGRI_02397|AGRICULTURE
data/processed/syspin_24k/bho_f/IISc_SYSPINProject_bho_f_AGRI_02542.wav|टिकाऊ खेती के मूल लक्ष्य पर्यावरण स्वास्थ्य आर्थिक लाभप्रदता सामाजिक आर्थिक समानता ह|7.580|bho_f|IISc_SYSPINProject_bho_f_AGRI_02542|AGRICULTURE
data/processed/syspin_24k/bho_f/IISc_SYSPINProject_bho_f_AGRI_02738.wav|मधुमक्खी के रोग बहुत बेकार हव काहे की जवन किसान मधुमख्खी जियावेलन ओनकर बहुत खर्चा हो जाला|7.300|bho_f|IISc_SYSPINProject_bho_f_AGRI_02738|AGRICULTURE
data/processed/syspin_24k/bho_f/IISc_SYSPINProject_bho_f_AGRI_02763.wav|जोड़े क विधि पाउचिंग क प्रक्रिया ड्रिलिंग या रखे प्रसारण उर्वरक के आवेदन के विधि हउवे|6.580|bho_f|IISc_SYSPINProject_bho_f_AGRI_02763|AGRICULTURE
data/processed/syspin_24k/bho_f/IISc_SYSPINProject_bho_f_AGRI_02861.wav|कीट क पहचान ओकरे आकार, पंख क गिनती के आधार पर, टांग के आधार पर, मुड़ी के आकार, अंदरूनी बनावट आदि से होला.|9.040|bho_f|IISc_SYSPINProject_bho_f_AGRI_02861|AGRICULTURE
data/processed/syspin_24k/bho_f/IISc_SYSPINProject_bho_f_AGRI_02866.wav|चेना बाजरा के ब्रूमकार बाजरा के रूप में भी जानल जाला|3.771|bho_f|IISc_SYSPINProject_bho_f_AGRI_02866|AGRICULTURE
data/processed/syspin_24k/bho_f/IISc_SYSPINProject_bho_f_AGRI_03011.wav|स्वीट पोटैटो के हिंदी में मीठा आलू कहल जाला|3.414|bho_f|IISc_SYSPINProject_bho_f_AGRI_03011|AGRICULTURE
data/processed/syspin_24k/bho_f/IISc_SYSPINProject_bho_f_AGRI_03255.wav|भारत में कुक्कुट उत्पादन एक ठे फलत फुलत रोजगार के साधन हउवे जौन तेजी से बढ़त हौ|7.220|bho_f|IISc_SYSPINProject_bho_f_AGRI_03255|AGRICULTURE
data/processed/syspin_24k/bho_f/IISc_SYSPINProject_bho_f_AGRI_03259.wav|फल वृक्ष परागण फल के पेड़ के ओहि प्रजाति के दूसर पेड़ के उपस्थिति के जरूरत होला ताकि फल बने में निषेचन हो जाए|10.950|bho_f|IISc_SYSPINProject_bho_f_AGRI_03259|AGRICULTURE
data/processed/syspin_24k/bho_f/IISc_SYSPINProject_bho_f_AGRI_03394.wav|मूसर लकड़ी क एक मोटा कुंडा से बनावल जाला|3.347|bho_f|IISc_SYSPINProject_bho_f_AGRI_03394|AGRICULTURE
data/processed/syspin_24k/bho_f/IISc_SYSPINProject_bho_f_AGRI_03451.wav|मूली कवनो भी प्रकार के पानी के निकासी वाला आउर ड़ीला माटी में उगेला|5.560|bho_f|IISc_SYSPINProject_bho_f_AGRI_03451|AGRICULTURE
data/processed/syspin_24k/bho_f/IISc_SYSPINProject_bho_f_AGRI_03482.wav|भेड़ के बालों के काटकर ऊन प्राप्त कर के भेड़ कर्तन कहत हयन|5.480|bho_f|IISc_SYSPINProject_bho_f_AGRI_03482|AGRICULTURE
data/processed/syspin_24k/bho_f/IISc_SYSPINProject_bho_f_AGRI_03517.wav|पसु जांच के बदे सरकारी अस्पताल भी होला आउर प्राइवेट भी होला|5.140|bho_f|IISc_SYSPINProject_bho_f_AGRI_03517|AGRICULTURE
data/processed/syspin_24k/bho_f/IISc_SYSPINProject_bho_f_EVAL_00021.wav|का तू हमके एक हजार उधार दे सकेला ?|2.700|bho_f|IISc_SYSPINProject_bho_f_EVAL_00021|EVALUATION
data/processed/syspin_24k/bho_f/IISc_SYSPINProject_bho_f_EVAL_00056.wav|हमके डर हव कि हम नाहीं कर सकिला काहें कि माई एके कपड़ा कचार बदे लेहले हईन।|6.170|bho_f|IISc_SYSPINProject_bho_f_EVAL_00056|EVALUATION
data/processed/syspin_24k/bho_f/IISc_SYSPINProject_bho_f_EVAL_00134.wav|अईसन ए बदे हव हम बेवस्था में बदलाव लियाव चाहत रहलि।|4.017|bho_f|IISc_SYSPINProject_bho_f_EVAL_00134|EVALUATION
data/processed/syspin_24k/bho_f/IISc_SYSPINProject_bho_f_EVAL_00169.wav|का इ कुच्छो आतंरिक समस्सा हव जेकर सामना हमने के कार करत हव ?|4.540|bho_f|IISc_SYSPINProject_bho_f_EVAL_00169|EVALUATION
data/processed/syspin_24k/bho_f/IISc_SYSPINProject_bho_f_EVAL_00389.wav|रिया क एक्खे जुड़वा बहिन हव अउर ओन्हन के कुछ लोग ही पहचान सकलन|4.900|bho_f|IISc_SYSPINProject_bho_f_EVAL_00389|EVALUATION
data/processed/syspin_24k/bho_f/IISc_SYSPINProject_bho_f_FINA_00032.wav|ड्रंकन स्रिम्प प्रॉन रौगैले फ्राइड श्रिंप क्रिस्पी पाटा अउर कैमरून रेबोसाडू जी सब झींगा से बने वाला व्यंजन बा|9.740|bho_f|IISc_SYSPINProject_bho_f_FINA_00032|FINANCE
data/processed/syspin_24k/bho_f/IISc_SYSPINProject_bho_f_FINA_00034.wav|सेल्फ सर्विस पासबुक प्रिंटर एगो स्वचालित कियोस्क ह जहाँ ग्राहक खुद आपन पासबुक प्रिंट क सकेला|8.450|bho_f|IISc_SYSPINProject_bho_f_FINA_00034|FINANCE
data/processed/syspin_24k/bho_f/IISc_SYSPINProject_bho_f_FINA_00045.wav|कप नूडल्स फ्राइड नूडल्स फ्रोजेन नूडल्स इंस्टेंट नूडल्स अउर राइस नूडल्स अउर ई सब नूडल्स क प्रकार बा|8.480|bho_f|IISc_SYSPINProject_bho_f_FINA_00045|FINANCE
data/processed/syspin_24k/bho_f/IISc_SYSPINProject_bho_f_FINA_00265.wav|चाऊमीन चाइनीस नूडल ब्रेस्ड पोर्क सेंचुरी एग कुंग पाओ चिकन अउर बुद्धा डिलाइट ई सब चाइनीज व्यंजन क सूची मे आवेला|10.700|bho_f|IISc_SYSPINProject_bho_f_FINA_00265|FINANCE
data/processed/syspin_24k/bho_f/IISc_SYSPINProject_bho_f_FINA_00372.wav|ए.टी.एम लेन देन करे के बदे आवश्यक शर्तें का हव ?|3.900|bho_f|IISc_SYSPINProject_bho_f_FINA_00372|FINANCE
data/processed/syspin_24k/bho_f/IISc_SYSPINProject_bho_f_FINA_00413.wav|अगर तू लोन न चुका पइबा त लोन देवे वाली कंपनी तोहार सम्पत्ति भी जब्त कर सकेला|6.400|bho_f|IISc_SYSPINProject_bho_f_FINA_00413|FINANCE
data/processed/syspin_24k/bho_f/IISc_SYSPINProject_bho_f_FINA_00515.wav|तुलन पत्र क प्रविष्टि क आमतौर पर जेपर लेखांकन प्रणाली क जरिये बरक़रार रखल जाला|7.060|bho_f|IISc_SYSPINProject_bho_f_FINA_00515|FINANCE
data/processed/syspin_24k/bho_f/IISc_SYSPINProject_bho_f_FINA_00532.wav|कोरोना वायरस बड़हन, लिपिड से लिपटल, पॉजिटिव सेंस, सिंगल स्ट्रैंड आर.एन.ए वायरस हव|7.500|bho_f|IISc_SYSPINProject_bho_f_FINA_00532|FINANCE
data/processed/syspin_24k/bho_f/IISc_SYSPINProject_bho_f_FINA_00593.wav|रसगुल्ला सफेद रंग मिठाई हौ अउर खाए मे स्पंजी होला|4.720|bho_f|IISc_SYSPINProject_bho_f_FINA_00593|FINANCE
data/processed/syspin_24k/bho_f/IISc_SYSPINProject_bho_f_FINA_00906.wav|अटल पेंसन योजना लोगन के मासिक आय परदान करऽला|4.083|bho_f|IISc_SYSPINProject_bho_f_FINA_00906|FINANCE
data/processed/syspin_24k/bho_f/IISc_SYSPINProject_bho_f_FINA_00917.wav|चार मुख्य प्रकार क निवेश हौ, ग्रोथ निवेश, शेयर, प्रॉपर्टी, डिफेंसिव निवेश, कैश, फिक्स्ड इंटरेस्ट निवेश आदि.|9.600|bho_f|IISc_SYSPINProject_bho_f_FINA_00917|FINANCE
data/processed/syspin_24k/bho_f/IISc_SYSPINProject_bho_f_FINA_00991.wav|के शनमुखम चेट्टी छब्बीस नवंबर उनइस सौ सैंतालिश के स्वतंत्र भारत के पहिला बजट पेश कईले रहले|7.672|bho_f|IISc_SYSPINProject_bho_f_FINA_00991|FINANCE
data/processed/syspin_24k/bho_f/IISc_SYSPINProject_bho_f_FINA_00995.wav|ब्रोसे सोवांस गेम सूप कैबी क्लाव बॉयल्ड गिगोट अउर करली केल ई सब स्कॉटिश व्यंजन के सूची में आवेला|9.480|bho_f|IISc_SYSPINProject_bho_f_FINA_00995|FINANCE
data/processed/syspin_24k/bho_f/IISc_SYSPINProject_bho_f_FINA_00999.wav|बाउ डू हॉट एंड सोर सूप जिनजियांग राउसी मू शू पोर्क अउर पेकिंग डक ईसब बीजिंग के मांस अउर कुक्कुट व्यंजन बा|9.390|bho_f|IISc_SYSPINProject_bho_f_FINA_00999|FINANCE
data/processed/syspin_24k/bho_f/IISc_SYSPINProject_bho_f_FINA_01103.wav|बिस्टो नॉर किसान टॉप अउर फ्रेंच ई सब सॉस या चटनी बनावे वाला कंपनी बा|5.940|bho_f|IISc_SYSPINProject_bho_f_FINA_01103|FINANCE
data/processed/syspin_24k/bho_f/IISc_SYSPINProject_bho_f_FINA_01122.wav|बूटामोची डोरायाकि मोनाका कुसामोची अउर टाईयाकी ई सब जापानी स्नैक्स क सूची बा|7.800|bho_f|IISc_SYSPINProject_bho_f_FINA_01122|FINANCE
data/processed/syspin_24k/bho_f/IISc_SYSPINProject_bho_f_FINA_01233.wav|देश के आर्थिक प्रणाली पर सबके गंभीरता से सोचऽ के चाहि|4.280|bho_f|IISc_SYSPINProject_bho_f_FINA_01233|FINANCE
data/processed/syspin_24k/bho_f/IISc_SYSPINProject_bho_f_FINA_01261.wav|फिएट मनी एक अइसन किसिम के मुद्रा हौ जेकर समर्थन सोना भा चाँदी नियर कउनो चीज से ना मिलेला|7.620|bho_f|IISc_SYSPINProject_bho_f_FINA_01261|FINANCE
data/processed/syspin_24k/bho_f/IISc_SYSPINProject_bho_f_FINA_01282.wav|मजदूरी आउर कर के भुगतान सम्बन्धी लेन देन क लेखा मट्टी क एक खे पट्टी पर करल जाला|7.090|bho_f|IISc_SYSPINProject_bho_f_FINA_01282|FINANCE
data/processed/syspin_24k/bho_f/IISc_SYSPINProject_bho_f_FINA_01291.wav|काला बाजार में वर्जित नशे क पदार्थ या वैश्या सेवा बेचल जा रहल हौ|5.420|bho_f|IISc_SYSPINProject_bho_f_FINA_01291|FINANCE
data/processed/syspin_24k/bho_f/IISc_SYSPINProject_bho_f_FINA_01300.wav|बोंडा साउथ इंडियन डीप फ्राइड आलू क नमकीन बा ई मीठा अउर तीखा दुनो तरह के होला|6.683|bho_f|IISc_SYSPINProject_bho_f_FINA_01300|FINANCE
data/processed/syspin_24k/bho_f/IISc_SYSPINProject_bho_f_FINA_01399.wav|वित्त मंत्रित्व के स्थापना उन्नीस सौ छीयालिस में करल गयल रहे|4.957|bho_f|IISc_SYSPINProject_bho_f_FINA_01399|FINANCE
data/processed/syspin_24k/bho_f/IISc_SYSPINProject_bho_f_FINA_01511.wav|सांख्यिकी में डेटा एकत्र करना समीक्षा करना विश्लेषण करना आउर निष्कर्ष निकाले क तरीका शामिल हौ|7.780|bho_f|IISc_SYSPINProject_bho_f_FINA_01511|FINANCE
data/processed/syspin_24k/bho_f/IISc_SYSPINProject_bho_f_FINA_01540.wav|जी.के.आर.ए योजना के लक्ष्य बा कि छह लाख सत्तर हजार प्रवासी मजदूरन के एक सौ पच्चीस दिन क रोजगार देवल जाय|8.700|bho_f|IISc_SYSPINProject_bho_f_FINA_01540|FINANCE
data/processed/syspin_24k/bho_f/IISc_SYSPINProject_bho_f_FINA_01572.wav|विनिमय दर डालर पौण्ड युरो के बेसी इस्तेमाल करल जाला|4.978|bho_f|IISc_SYSPINProject_bho_f_FINA_01572|FINANCE
data/processed/syspin_24k/bho_f/IISc_SYSPINProject_bho_f_FINA_01651.wav|इस्लामी अर्थशास्त्र शरीयत के अइसन नियम जे समाज के प्रति आपन फर्ज निभा सके|6.270|bho_f|IISc_SYSPINProject_bho_f_FINA_01651|FINANCE
data/processed/syspin_24k/bho_f/IISc_SYSPINProject_bho_f_FINA_01721.wav|लेखांकन के इतिहास में लुकास पैसिओली डबल एंट्री बहीखाता पद्धति के प्रथम प्रयोग कर्ता हयन|7.530|bho_f|IISc_SYSPINProject_bho_f_FINA_01721|FINANCE
data/processed/syspin_24k/bho_f/IISc_SYSPINProject_bho_f_FINA_01907.wav|उत्तोलन ऋण क संभावित लाभ मानके लेवल जाला|3.462|bho_f|IISc_SYSPINProject_bho_f_FINA_01907|FINANCE
data/processed/syspin_24k/bho_f/IISc_SYSPINProject_bho_f_FINA_02066.wav|दीन दयाल उपाध्याय ग्रामीण कौशल्या योजना के दू हाज़र चउदह में शुरू कयल गयल रहल|6.077|bho_f|IISc_SYSPINProject_bho_f_FINA_02066|FINANCE
data/processed/syspin_24k/bho_f/IISc_SYSPINProject_bho_f_FINA_02282.wav|ट्रस्ट फंड क मकसद तटस्थ थर्ड पार्टी क मदद करल ह|4.410|bho_f|IISc_SYSPINProject_bho_f_FINA_02282|FINANCE
data/processed/syspin_24k/bho_f/IISc_SYSPINProject_bho_f_FINA_02326.wav|कहीं चेक बाउंस न हो जाए ए स्थिति से बचे बदे भी चेक क्लीयरिंग क स्थिति के बारे में जनकारी लेवत रहल जाला|8.320|bho_f|IISc_SYSPINProject_bho_f_FINA_02326|FINANCE
data/processed/syspin_24k/bho_f/IISc_SYSPINProject_bho_f_FINA_02387.wav|भारतीय राजस्व सेवा में कर्मचारी भ्रष्टाचारी होले|3.800|bho_f|IISc_SYSPINProject_bho_f_FINA_02387|FINANCE
data/processed/syspin_24k/bho_f/IISc_SYSPINProject_bho_f_FINA_02398.wav|याहू बेबल फिश ,मई दु हजार बारह में एकर जगह बिंग ट्रांसलेटर लेले रहल|6.316|bho_f|IISc_SYSPINProject_bho_f_FINA_02398|FINANCE
data/processed/syspin_24k/bho_f/IISc_SYSPINProject_bho_f_FINA_02414.wav|गणितज्ञ लोग पैटर्न खोजेला, नया अनुमान बनावेला|4.040|bho_f|IISc_SYSPINProject_bho_f_FINA_02414|FINANCE
data/processed/syspin_24k/bho_f/IISc_SYSPINProject_bho_f_FINA_02420.wav|अम्मा कहत रहलीं ह की सरकारी बांड क गारंटी सरकार क होला|4.495|bho_f|IISc_SYSPINProject_bho_f_FINA_02420|FINANCE
data/processed/syspin_24k/bho_f/IISc_SYSPINProject_bho_f_FINA_02446.wav|शेयर पूंजी शेयर के संख्या आउर प्रकार के भी दर्शा सकला|4.077|bho_f|IISc_SYSPINProject_bho_f_FINA_02446|FINANCE
data/processed/syspin_24k/bho_f/IISc_SYSPINProject_bho_f_FINA_02449.wav|अगर तू जीवन बीमा करवाए हय त ए समस्या क हल आसानी से हो सकला|5.850|bho_f|IISc_SYSPINProject_bho_f_FINA_02449|FINANCE
data/processed/syspin_24k/bho_f/IISc_SYSPINProject_bho_f_FINA_02645.wav|पूंजी बाजार अईसन बाज़ार हव जहाँ कंपनी अउर सरकार लम्बा समय के लिए पइसा जुटवलन|6.500|bho_f|IISc_SYSPINProject_bho_f_FINA_02645|FINANCE
data/processed/syspin_24k/bho_f/IISc_SYSPINProject_bho_f_FINA_02869.wav|शेयर धारक लाभ के उम्मीद में शेयर होल्ड कइल रहलन|3.869|bho_f|IISc_SYSPINProject_bho_f_FINA_02869|FINANCE
data/processed/syspin_24k/bho_f/IISc_SYSPINProject_bho_f_FINA_02878.wav|सब्सिडी वाला ऋण जहाँ उधारदाता सब्सिडी के भुगतान करेला सब्सिडी वाला संघीय क्षेत्र ऋण सबसे मामुली होला|8.780|bho_f|IISc_SYSPINProject_bho_f_FINA_02878|FINANCE
data/processed/syspin_24k/bho_f/IISc_SYSPINProject_bho_f_FINA_02923.wav|इक्विटी शेयर , वरीयता शेयर अउर डिबेंचर वित्तपोसण के प्रमुख स्रोत होखेला|5.230|bho_f|IISc_SYSPINProject_bho_f_FINA_02923|FINANCE
data/processed/syspin_24k/bho_f/IISc_SYSPINProject_bho_f_FINA_03028.wav|डेबिट कारड गराहक के सेबिंग खाता से जुड़ल रहेला|3.640|bho_f|IISc_SYSPINProject_bho_f_FINA_03028|FINANCE
data/processed/syspin_24k/bho_f/IISc_SYSPINProject_bho_f_FOOD_00125.wav|गौ मांस के व्यंजन के सूची में व्यंजन फ़िले मिग्नॉन ,बीफ प्रिंस, अल्बर्ट की पट्टिका परतदार मास सामिल हव|8.520|bho_f|IISc_SYSPINProject_bho_f_FOOD_00125|FOOD
data/processed/syspin_24k/bho_f/IISc_SYSPINProject_bho_f_FOOD_00148.wav|ठेपला, धोकला, खण्डवी, हँडवो, पंकी भारतीय व्यंजनों की सूची में शामिल बा|6.260|bho_f|IISc_SYSPINProject_bho_f_FOOD_00148|FOOD
data/processed/syspin_24k/bho_f/IISc_SYSPINProject_bho_f_FOOD_00386.wav|मटन करी क इस्तेमाल जादातर मुस्लिम धर्म में निकाह के रिसेप्शन में होला|4.860|bho_f|IISc_SYSPINProject_bho_f_FOOD_00386|FOOD
data/processed/syspin_24k/bho_f/IISc_SYSPINProject_bho_f_FOOD_00390.wav|पोलैंड के पारंपरिक भोजन में स्मॉक्ड चीज, पोलीस कील बाशा, पोलीस किसान भोजन आउर कइठे शामिल हव|8.080|bho_f|IISc_SYSPINProject_bho_f_FOOD_00390|FOOD
data/processed/syspin_24k/bho_f/IISc_SYSPINProject_bho_f_FOOD_00471.wav|टमाटर केचप एगो बेहतर, अधिक जटिल, टमाटर आधारित सॉस हवे जे प्रीमियम मसाला सब के चयन के साथ बनावल जाला|8.320|bho_f|IISc_SYSPINProject_bho_f_FOOD_00471|FOOD
data/processed/syspin_24k/bho_f/IISc_SYSPINProject_bho_f_FOOD_00477.wav|मसाला नमक, काली मिर्च आउर सरसों नियर पदार्थ हवेे जेकरा के रउआँ खाना में मिला देला|6.260|bho_f|IISc_SYSPINProject_bho_f_FOOD_00477|FOOD
data/processed/syspin_24k/bho_f/IISc_SYSPINProject_bho_f_FOOD_00544.wav|मैदा में पनीर के मिलाके रोटी बनाला जेके पनीर कुल्चा कहल जाला|4.920|bho_f|IISc_SYSPINProject_bho_f_FOOD_00544|FOOD
data/processed/syspin_24k/bho_f/IISc_SYSPINProject_bho_f_FOOD_00675.wav|द हिंदू के कस्तूरी परिवार चलावे ला जे एकर होल्डिंग कंपनी के निदेशक के रूप में काम करे लें|6.420|bho_f|IISc_SYSPINProject_bho_f_FOOD_00675|FOOD
data/processed/syspin_24k/bho_f/IISc_SYSPINProject_bho_f_FOOD_00698.wav|वील व्यंजन में बॉकवर्स्ट, काचोपो, पौपिएट, वील मार्साला आउर वेइसवर्स्ट के नाम आवेला|8.140|bho_f|IISc_SYSPINProject_bho_f_FOOD_00698|FOOD
data/processed/syspin_24k/bho_f/IISc_SYSPINProject_bho_f_FOOD_00722.wav|स्विस चीज़ के श्रेणी में एममेंटल ग्रूयरे अऊर ऐपेंज़ेलर चीज़ आवेला|6.060|bho_f|IISc_SYSPINProject_bho_f_FOOD_00722|FOOD
data/processed/syspin_24k/bho_f/IISc_SYSPINProject_bho_f_FOOD_00735.wav|जापानी मिठाइय के सूची अमेजाइकु, अन्मीत्सू, अनपना, कैस्टेला, कॉफी जेली, चिनसुको, हकुटो जेली आउर खरबूजा होला|10.900|bho_f|IISc_SYSPINProject_bho_f_FOOD_00735|FOOD
data/processed/syspin_24k/bho_f/IISc_SYSPINProject_bho_f_FOOD_00742.wav|बाथ ओलिवर, क्रीम पटाखा, क्रिस्पब्रेड पनीर पटाखा ग्राहम क्रैकर हार्टटैंक ,माल्टोज़ पटाखे क्रैकर्स हयन|9.500|bho_f|IISc_SYSPINProject_bho_f_FOOD_00742|FOOD
data/processed/syspin_24k/bho_f/IISc_SYSPINProject_bho_f_FOOD_00791.wav|संतुला एगो हेल्थी डिश होला जेके डॉक्टर डायबिटीज के मरीज के खाए बदे कहलन|5.400|bho_f|IISc_SYSPINProject_bho_f_FOOD_00791|FOOD
data/processed/syspin_24k/bho_f/IISc_SYSPINProject_bho_f_FOOD_00846.wav|मोहन थाल एगो गुजरात राज्य के लोकप्रिय बेसन आधारित बरफी कव्वाल पकवान ह|6.220|bho_f|IISc_SYSPINProject_bho_f_FOOD_00846|FOOD
data/processed/syspin_24k/bho_f/IISc_SYSPINProject_bho_f_FOOD_00877.wav|अचार एक तरह क अवायवीय किण्वन या सिरका में विसर्जन द्वारा खाद्य संरक्षण क प्रक्रिया हव|6.580|bho_f|IISc_SYSPINProject_bho_f_FOOD_00877|FOOD
data/processed/syspin_24k/bho_f/IISc_SYSPINProject_bho_f_FOOD_00921.wav|खरबूजा के सूप पिनाकबेट के सब्जी कड़वा खरबूजा, कैलाबाजा स्क्वैश, लेडीज फिंगर, बैंगन, स्ट्रिंग बीन्स|9.460|bho_f|IISc_SYSPINProject_bho_f_FOOD_00921|FOOD
data/processed/syspin_24k/bho_f/IISc_SYSPINProject_bho_f_FOOD_01034.wav|हमरे घरे बेसन के कढ़ी पितर सऊनन के दिना पूजा करे बदे जरूर से बनेला|5.980|bho_f|IISc_SYSPINProject_bho_f_FOOD_01034|FOOD
data/processed/syspin_24k/bho_f/IISc_SYSPINProject_bho_f_FOOD_01072.wav|अन्नपूर्णा मंदिर का सांभर हमके बहुत अच्छा लगेली बजे ओके खाए बदे हम हर सोमवार के मंदिर जाइला|8.640|bho_f|IISc_SYSPINProject_bho_f_FOOD_01072|FOOD
data/processed/syspin_24k/bho_f/IISc_SYSPINProject_bho_f_FOOD_01132.wav|रक्षा मंत्रालय के मुताबिक सैनिक क समान राशन मिलेला, मैदानी क्षेत्र में तैनात अधिकारि के मुफ्त राशन देवल जाला|8.420|bho_f|IISc_SYSPINProject_bho_f_FOOD_01132|FOOD
data/processed/syspin_24k/bho_f/IISc_SYSPINProject_bho_f_FOOD_01152.wav|उत्तर कोरियाई व्यंजन में जोकबल में सुअर के ट्रॉटर होला जेके सोया सॉस आउर विविध मसाला के साथ पकावल जाला|8.380|bho_f|IISc_SYSPINProject_bho_f_FOOD_01152|FOOD
data/processed/syspin_24k/bho_f/IISc_SYSPINProject_bho_f_FOOD_01179.wav|अनानास के स्वाद वाला हवाई शेव बर्फ, मक्खन के मोची, शिफॉन के केक, चिची डंगो आदि सब हवेाई व्यंजनन के सूची हव|10.000|bho_f|IISc_SYSPINProject_bho_f_FOOD_01179|FOOD
data/processed/syspin_24k/bho_f/IISc_SYSPINProject_bho_f_FOOD_01188.wav|उड़ीसा भारत क एक खे खूबसूरत राज्य होला जवन अपने आकर्षित समुद्री तटो दर्शनीय मंदिर खूबसूरत पर्यटन स्थल हव|8.080|bho_f|IISc_SYSPINProject_bho_f_FOOD_01188|FOOD
data/processed/syspin_24k/bho_f/IISc_SYSPINProject_bho_f_FOOD_01231.wav|पटाख़ा एक खे छोट स विस्फोटक आतिशबाज़ी होला जवन मुख्यत भारी आवाज या शोर उत्पन्न करने के उद्देश्य से बनावल जाला|8.540|bho_f|IISc_SYSPINProject_bho_f_FOOD_01231|FOOD
data/processed/syspin_24k/bho_f/IISc_SYSPINProject_bho_f_FOOD_01259.wav|चिकन टिक्का बिना हड्डी वाले चिकन क पीस से अगींठी या कोयला पे सेक के बनावल जाला|6.380|bho_f|IISc_SYSPINProject_bho_f_FOOD_01259|FOOD
data/processed/syspin_24k/bho_f/IISc_SYSPINProject_bho_f_FOOD_01324.wav|स्वादिष्ट बेर मिठाई, बेक्ड बेर पुडिंग, बेर मार्मेलाटा के साथ पोलेन्टा बुडिनो, इलायची आउर अदरक के साथ बेर फ्रीजर|10.028|bho_f|IISc_SYSPINProject_bho_f_FOOD_01324|FOOD
data/processed/syspin_24k/bho_f/IISc_SYSPINProject_bho_f_FOOD_01352.wav|आदा प्रथमन गोथाअम्बू पायसम केरला करी मटन स्टू अउर पाल अप्पम नारियल क दूध से बने वाला व्यंजन बा|9.740|bho_f|IISc_SYSPINProject_bho_f_FOOD_01352|FOOD
data/processed/syspin_24k/bho_f/IISc_SYSPINProject_bho_f_FOOD_01405.wav|कृष्ण जन्माष्टमी वाले दिन सूखल धनिया के पंजीरी बनाके भगवान के चढ़ावल जाला|6.140|bho_f|IISc_SYSPINProject_bho_f_FOOD_01405|FOOD
data/processed/syspin_24k/bho_f/IISc_SYSPINProject_bho_f_FOOD_01409.wav|लाल चाऊर में मैग्निशियम कैलशियम आईरन जिंक पावल जाला|5.040|bho_f|IISc_SYSPINProject_bho_f_FOOD_01409|FOOD
data/processed/syspin_24k/bho_f/IISc_SYSPINProject_bho_f_FOOD_01472.wav|भगोना कढ़ाई हांडी तवा पतिला करछी बाल्टी लोटा अउर कलछुल ई सब भारतीय व्यंजन बनाए वाला बर्तन बा|8.360|bho_f|IISc_SYSPINProject_bho_f_FOOD_01472|FOOD
data/processed/syspin_24k/bho_f/IISc_SYSPINProject_bho_f_FOOD_01537.wav|मिश्टी दोई जवना के उत्पत्ति बांग्लादेश के बोगरा जिला से भइल बा|4.500|bho_f|IISc_SYSPINProject_bho_f_FOOD_01537|FOOD
data/processed/syspin_24k/bho_f/IISc_SYSPINProject_bho_f_FOOD_01570.wav|पारसी खाना बनावे में केसर आउर दालचीनी जईसन प्रीमियम सामग्री के इस्तेमाल कईल जाला|5.850|bho_f|IISc_SYSPINProject_bho_f_FOOD_01570|FOOD
data/processed/syspin_24k/bho_f/IISc_SYSPINProject_bho_f_FOOD_01593.wav|आयरिश व्यंजन सोडा रोटी, सीप अयरिश स्टू ,कोलकैनन अऊर चैंपियन, बॉक्सटी, उबले बेकन अऊर गोभी, धूम्रपान कइल|10.600|bho_f|IISc_SYSPINProject_bho_f_FOOD_01593|FOOD
data/processed/syspin_24k/bho_f/IISc_SYSPINProject_bho_f_FOOD_01727.wav|वियतनामी नूडल बहुत बढ़िया स्वाद आउर बनावट के प्रतिमूर्ति ह|4.340|bho_f|IISc_SYSPINProject_bho_f_FOOD_01727|FOOD
data/processed/syspin_24k/bho_f/IISc_SYSPINProject_bho_f_FOOD_01769.wav|उत्तर भारतीय व्यंजन क लिस्ट बहुत लंबा बा कचोरी शाही पनीर दाल भरी पूरी कोफ्ता निमोना अउर घुघरी ई सब उत्तर प्रदेश क व्यंजन बा|10.860|bho_f|IISc_SYSPINProject_bho_f_FOOD_01769|FOOD
data/processed/syspin_24k/bho_f/IISc_SYSPINProject_bho_f_FOOD_01785.wav|शीर खुरमा क इस्तेमाल आमतौर पर ईद के त्यौहार पर मुस्लिम भाई लोग करेलन|5.520|bho_f|IISc_SYSPINProject_bho_f_FOOD_01785|FOOD
data/processed/syspin_24k/bho_f/IISc_SYSPINProject_bho_f_FOOD_01942.wav|पेशा अप्पम पेसाहा अप्पम या त कुरीसप्पम केरल भारत के सेंट थॉमस ईसाइयों बनावल गयल हव एक खे ठोस चावल क केक होला|9.790|bho_f|IISc_SYSPINProject_bho_f_FOOD_01942|FOOD
data/processed/syspin_24k/bho_f/IISc_SYSPINProject_bho_f_FOOD_01972.wav|पोहा कुछुओ ना ह सिवाय चावल के जवना के परबोइल क के लुढ़क के चपटा क के फेर सुखा के फ्लेक्स बन गईल बा|8.440|bho_f|IISc_SYSPINProject_bho_f_FOOD_01972|FOOD
data/processed/syspin_24k/bho_f/IISc_SYSPINProject_bho_f_FOOD_02011.wav|फिरनी खीर के कहल जाला जवन पूर्णिमा के बनला अउर खुला आसमान के नीचे रखल जाला|5.930|bho_f|IISc_SYSPINProject_bho_f_FOOD_02011|FOOD
data/processed/syspin_24k/bho_f/IISc_SYSPINProject_bho_f_FOOD_02019.wav|लैक्टो शाकाहार एक खे लैक्टिरियन के रुप मे जानल जाला लैक्टो शाकाहारी जानवर के मांस से परहेज करेला|7.100|bho_f|IISc_SYSPINProject_bho_f_FOOD_02019|FOOD
data/processed/syspin_24k/bho_f/IISc_SYSPINProject_bho_f_FOOD_02104.wav|दाल बाटी चूरमा गट्टे की सब्जी लछा पकौड़ी सेव टमाटर अउर जयपुरी मेवा पुलाव ई सब राजस्थानी व्यंजन बा|9.200|bho_f|IISc_SYSPINProject_bho_f_FOOD_02104|FOOD
data/processed/syspin_24k/bho_f/IISc_SYSPINProject_bho_f_FOOD_02138.wav|मंडा पीठा के धुआँ प पकवल जाला|2.780|bho_f|IISc_SYSPINProject_bho_f_FOOD_02138|FOOD
data/processed/syspin_24k/bho_f/IISc_SYSPINProject_bho_f_FOOD_02178.wav|शांभर इडली के साथ में खायल जाला एके बनावे बदे ढेर के तरकारी मसाला तेल के जरूरत पडेला|6.714|bho_f|IISc_SYSPINProject_bho_f_FOOD_02178|FOOD
data/processed/syspin_24k/bho_f/IISc_SYSPINProject_bho_f_FOOD_02308.wav|पेशा अप्पम बनावे बदे रेतल नारियल, सफेद चावल, एक नाजी आउर उर्दी क दाल क जरुरत होला|7.160|bho_f|IISc_SYSPINProject_bho_f_FOOD_02308|FOOD
data/processed/syspin_24k/bho_f/IISc_SYSPINProject_bho_f_FOOD_02322.wav|शकशौका, सरसियाडो, टमाटर क सूप, पंजानेला आउर ब्रुस्केटा टमाटर के व्यंजन होला|7.312|bho_f|IISc_SYSPINProject_bho_f_FOOD_02322|FOOD
data/processed/syspin_24k/bho_f/IISc_SYSPINProject_bho_f_FOOD_02463.wav|लोहा क कढ़ाई में बनल आलू साग अउर भंटा क तरकारी मस्त लाग ला|4.861|bho_f|IISc_SYSPINProject_bho_f_FOOD_02463|FOOD
data/processed/syspin_24k/bho_f/IISc_SYSPINProject_bho_f_FOOD_02481.wav|कोझुक्कट्टै श्रीलंकाई तमिल समुदाय क कउ जन्मजात रीति रिवाज क एक महत्वपूर्ण हिस्सा हव|6.920|bho_f|IISc_SYSPINProject_bho_f_FOOD_02481|FOOD
data/processed/syspin_24k/bho_f/IISc_SYSPINProject_bho_f_FOOD_02508.wav|नूडल्स कई गो प्रकार के आवेला जइसे कि कप नूडल्स, फिडियो, फ्राइड नूडल्स, इंस्टेंट नूडल्स आउर राइस नूडल्स|7.900|bho_f|IISc_SYSPINProject_bho_f_FOOD_02508|FOOD
data/processed/syspin_24k/bho_f/IISc_SYSPINProject_bho_f_FOOD_02521.wav|चाउर दाल, ऊर्दी के दाल, चना दाल, मेथी, मुरमुरे, तूर दाल, सूखल लाल मरचा से मसाला डोसा बनावल जाला|8.229|bho_f|IISc_SYSPINProject_bho_f_FOOD_02521|FOOD
data/processed/syspin_24k/bho_f/IISc_SYSPINProject_bho_f_FOOD_02633.wav|अतिरसा विविकान दोसी फिल्म श्रीलंकाई मिठाईन के सूची में शामिल हव|5.260|bho_f|IISc_SYSPINProject_bho_f_FOOD_02633|FOOD
data/processed/syspin_24k/bho_f/IISc_SYSPINProject_bho_f_FOOD_02767.wav|लिकटेंस्टीन व्यंजन ब्रेड, एलेस, पेस्टरी, हफालाब इ सब होला|5.350|bho_f|IISc_SYSPINProject_bho_f_FOOD_02767|FOOD
data/processed/syspin_24k/bho_f/IISc_SYSPINProject_bho_f_FOOD_02801.wav|इमली खाएं में बहुत अच्छा अउर खट्ठा लागे ला ए से फुल्की के पानी बनेला|4.800|bho_f|IISc_SYSPINProject_bho_f_FOOD_02801|FOOD
data/processed/syspin_24k/bho_f/IISc_SYSPINProject_bho_f_FOOD_02815.wav|राजू माँ के बनावल रसमलाई बहुत स्वादिष्ट हो ला|3.280|bho_f|IISc_SYSPINProject_bho_f_FOOD_02815|FOOD
data/processed/syspin_24k/bho_f/IISc_SYSPINProject_bho_f_FOOD_02908.wav|पवरन्राम प्रसाद के रूप में जानल जा ला जवन एक खीर हों ला|4.480|bho_f|IISc_SYSPINProject_bho_f_FOOD_02908|FOOD
data/processed/syspin_24k/bho_f/IISc_SYSPINProject_bho_f_FOOD_02943.wav|पाई, टार्ट्स आउर फ्लैन्स के मुख्य रूप से चार प्रकार होला, क्रीम, फ्रूट, कस्टर्ड आउर सेवरी|7.180|bho_f|IISc_SYSPINProject_bho_f_FOOD_02943|FOOD
data/processed/syspin_24k/bho_f/IISc_SYSPINProject_bho_f_FOOD_02965.wav|कीमा में उच्च गुणवत्ता वाला प्रोटिन पावल जाला|3.420|bho_f|IISc_SYSPINProject_bho_f_FOOD_02965|FOOD
data/processed/syspin_24k/bho_f/IISc_SYSPINProject_bho_f_FOOD_03131.wav|अब हमहू फ्रेंच घुम जाब ला हो ठीक रही न ह यार ठीक काहे के न रही|5.260|bho_f|IISc_SYSPINProject_bho_f_FOOD_03131|FOOD
data/processed/syspin_24k/bho_f/IISc_SYSPINProject_bho_f_FOOD_03140.wav|खसखस पेस्ट्री आउर व्यंजन क एक सूची ह खसखस एक तिलहन ह जवन अफीम खसखस से प्राप्त होला|6.990|bho_f|IISc_SYSPINProject_bho_f_FOOD_03140|FOOD
data/processed/syspin_24k/bho_f/IISc_SYSPINProject_bho_f_HEAL_00064.wav|चिकित्सा भौतिकी के अन्तर्गत भौतिकी क सिद्धान्त क चिकित्सा क क्षेत्र में अनुप्रयोग क अध्ययन कयल जाला|7.372|bho_f|IISc_SYSPINProject_bho_f_HEAL_00064|HEALTH
data/processed/syspin_24k/bho_f/IISc_SYSPINProject_bho_f_HEAL_00070.wav|स्प्रिंग स्केल में द्रब्यमान या वजन के निर्धारण करे खातिर ज्ञात कठोरता वाला स्प्रिंग के इस्तेमाल कइल जाई|7.410|bho_f|IISc_SYSPINProject_bho_f_HEAL_00070|HEALTH
data/processed/syspin_24k/bho_f/IISc_SYSPINProject_bho_f_HEAL_00085.wav|आनंद फिल्म में राजेश खन्ना क एक बेहतरीन संवाद, बाबूमोशाय जीवन लंबा नाहीं जीवन क विस्तार होना चाहि यानी कि बड़ा|9.340|bho_f|IISc_SYSPINProject_bho_f_HEAL_00085|HEALTH
data/processed/syspin_24k/bho_f/IISc_SYSPINProject_bho_f_HEAL_00223.wav|प्रसूतिशास्त्र जुड़वाँ विषय हवें जे महिला प्रजनन तंत्र से संबंधित होलें|5.320|bho_f|IISc_SYSPINProject_bho_f_HEAL_00223|HEALTH
data/processed/syspin_24k/bho_f/IISc_SYSPINProject_bho_f_HEAL_00258.wav|जब हमरे खाना खाए क आदत अच्छा नाहीं रहल तब हमार मम्मी हमके बहुत डांटत रहलीन|5.740|bho_f|IISc_SYSPINProject_bho_f_HEAL_00258|HEALTH
data/processed/syspin_24k/bho_f/IISc_SYSPINProject_bho_f_HEAL_00279.wav|चिकित्सीय इमेजिंग से कुछ अंग या उत्तक क काम करे क ढंग भी दृश्य रुप मे प्रस्तूत हो जाला|6.830|bho_f|IISc_SYSPINProject_bho_f_HEAL_00279|HEALTH
data/processed/syspin_24k/bho_f/IISc_SYSPINProject_bho_f_HEAL_00512.wav|जब तोह काम कर वाले दर्द से मोहब्बत हो जाई त समझ लेह कि मेहनत होत हव ला|5.620|bho_f|IISc_SYSPINProject_bho_f_HEAL_00512|HEALTH
data/processed/syspin_24k/bho_f/IISc_SYSPINProject_bho_f_HEAL_00544.wav|श्रोणि दर्द धड़ के सबसे निचला हिस्सा में, पेट के नीचे अऊर कूल्ह के हड्डी के बीच में दर्द के कहल जाला|7.650|bho_f|IISc_SYSPINProject_bho_f_HEAL_00544|HEALTH
data/processed/syspin_24k/bho_f/IISc_SYSPINProject_bho_f_HEAL_00560.wav|शरीर रचना पंचतत्व यानी धरती, आकाश, जल, अग्नि अउर वायु के आपसी समागम से होला|6.560|bho_f|IISc_SYSPINProject_bho_f_HEAL_00560|HEALTH
data/processed/syspin_24k/bho_f/IISc_SYSPINProject_bho_f_HEAL_00608.wav|टेक्रोमा एक खे आंख क बेमारी होला इ क्लामिड्या ट्रेकोमैटिस’ नामक बैक्टीरियम के संक्रमण के वजह से होला|9.010|bho_f|IISc_SYSPINProject_bho_f_HEAL_00608|HEALTH
data/processed/syspin_24k/bho_f/IISc_SYSPINProject_bho_f_HEAL_00731.wav|भारत में चूंकि सार्वजनिक स्वास्थ्य क्षेत्र कम वित्त पोषित हव स्वास्थ्य सेवा क क्षेत्र अत्यधिक पूंजीकृत करला|7.840|bho_f|IISc_SYSPINProject_bho_f_HEAL_00731|HEALTH
data/processed/syspin_24k/bho_f/IISc_SYSPINProject_bho_f_HEAL_00863.wav|आज काल के समय में लोग चिकित्सा के भी बस एक खे धंधा समझ लेले हव ला|4.880|bho_f|IISc_SYSPINProject_bho_f_HEAL_00863|HEALTH
data/processed/syspin_24k/bho_f/IISc_SYSPINProject_bho_f_HEAL_01078.wav|भारत के औरतन में जागरुकता बढ़ावे बदे हर साल ई ग्यारह अप्रैल के राष्ट्रीय सुरक्षित मातृ दिवस मनावल जाला|7.280|bho_f|IISc_SYSPINProject_bho_f_HEAL_01078|HEALTH
data/processed/syspin_24k/bho_f/IISc_SYSPINProject_bho_f_HEAL_01168.wav|प्राकृतिक आपदा के पीडितन के बचाव राहत अउर पुनर्वास सेवा प्रधान करला|5.840|bho_f|IISc_SYSPINProject_bho_f_HEAL_01168|HEALTH
data/processed/syspin_24k/bho_f/IISc_SYSPINProject_bho_f_HEAL_01182.wav|जन्म रोक बदे मेहरारून कापर टी इंजेक्सन लगवाव नी जेम्मन बच्चन में अन्तर रहला|6.300|bho_f|IISc_SYSPINProject_bho_f_HEAL_01182|HEALTH
data/processed/syspin_24k/bho_f/IISc_SYSPINProject_bho_f_HEAL_01193.wav|चिकित्सा पर्यटन तब होला जब उपभोक्ता अंतर्राष्ट्रीय सीमा पार कर क फैसला करला|6.160|bho_f|IISc_SYSPINProject_bho_f_HEAL_01193|HEALTH
data/processed/syspin_24k/bho_f/IISc_SYSPINProject_bho_f_HEAL_01548.wav|कोविड के लिए भारत सरकार स्वास्थ्य बीमा योजना करौली भाग बीमा एलआईसी के तहत मिलेला|6.780|bho_f|IISc_SYSPINProject_bho_f_HEAL_01548|HEALTH
data/processed/syspin_24k/bho_f/IISc_SYSPINProject_bho_f_HEAL_01555.wav|डाक्टर एखे किलिप के तरे अंगूरी मे लगाके ऑक्सीजन संतृप्ति क निगरानी करलन ई फिंगरप्रिंट के तरे होला|7.160|bho_f|IISc_SYSPINProject_bho_f_HEAL_01555|HEALTH
data/processed/syspin_24k/bho_f/IISc_SYSPINProject_bho_f_HEAL_01562.wav|स्वस्थ खाद्य पदार्थ रउरा मछरी औरी ब्रोकोली से खात होखे के चाहीं|4.660|bho_f|IISc_SYSPINProject_bho_f_HEAL_01562|HEALTH
data/processed/syspin_24k/bho_f/IISc_SYSPINProject_bho_f_HEAL_01640.wav|त्वचाशोथ ,घमौरी, दाद खाज, सफेद दाग, कुष्ट, रोगमुंहासे, फोड़ा ईक त्वचा से संबंधित सूची हव ला|8.230|bho_f|IISc_SYSPINProject_bho_f_HEAL_01640|HEALTH
data/processed/syspin_24k/bho_f/IISc_SYSPINProject_bho_f_HEAL_01644.wav|आज के दुनिया में लगभग चालीस प्रतिशत नौजावन लडकन नशा क शिकार हो गइल बानी जवन कउनो न कउनो बहाने नशा क खात पियत बाडन|8.760|bho_f|IISc_SYSPINProject_bho_f_HEAL_01644|HEALTH
data/processed/syspin_24k/bho_f/IISc_SYSPINProject_bho_f_HEAL_01649.wav|ग्राफ्टस विज्ञान अथवा गणित में बनावल जाला।|3.260|bho_f|IISc_SYSPINProject_bho_f_HEAL_01649|HEALTH
data/processed/syspin_24k/bho_f/IISc_SYSPINProject_bho_f_HEAL_01661.wav|अमेरिका मे सबसे आम ज्वरनाशक दवा आमतौर पर इबुप्रोफेन आउर एस्पिरिन ह जवन गैर स्टेरायडल विरोधी भड़काऊ दवा ह|9.780|bho_f|IISc_SYSPINProject_bho_f_HEAL_01661|HEALTH
data/processed/syspin_24k/bho_f/IISc_SYSPINProject_bho_f_HEAL_01747.wav|प्रसवोत्तर रक्तस्राव के इ लक्षण में चक्कर आवे, बेहोश महसूस होखे इ दृष्टि धुंधला होखल होखेला|7.160|bho_f|IISc_SYSPINProject_bho_f_HEAL_01747|HEALTH
data/processed/syspin_24k/bho_f/IISc_SYSPINProject_bho_f_HEAL_01801.wav|जीव रसायन ऊ विज्ञान होला जेम्मे की जीवित कोशिका मे विद्यमान रसायनिक अव्यवो मे होवे वाले परिवर्तन क अध्ययन करल जाला|8.740|bho_f|IISc_SYSPINProject_bho_f_HEAL_01801|HEALTH
data/processed/syspin_24k/bho_f/IISc_SYSPINProject_bho_f_HEAL_01812.wav|पोर्स्टमार्टं करत के मालुम हवुल हव कि ओकर मौत जहर खाए से हुवल ह|5.080|bho_f|IISc_SYSPINProject_bho_f_HEAL_01812|HEALTH
data/processed/syspin_24k/bho_f/IISc_SYSPINProject_bho_f_HEAL_01825.wav|कोशिका अउर उत्तक में कउनो जिन क प्रविष्टी करा के कउनो बीमारि क इलाज करके जीन थेरेपी कहल जाला|7.240|bho_f|IISc_SYSPINProject_bho_f_HEAL_01825|HEALTH
data/processed/syspin_24k/bho_f/IISc_SYSPINProject_bho_f_HEAL_01840.wav|भारत में मेडिकल कॉलेजों की सूची में निजी मेडीकल कॉलेज भी आवेलेन|4.500|bho_f|IISc_SYSPINProject_bho_f_HEAL_01840|HEALTH
data/processed/syspin_24k/bho_f/IISc_SYSPINProject_bho_f_HEAL_01926.wav|मलेरिया रोधी दवा में क्विनिमैक्स अउर क्विनीनाइन सबसे अधिक इस्तेमाल होला|5.520|bho_f|IISc_SYSPINProject_bho_f_HEAL_01926|HEALTH
data/processed/syspin_24k/bho_f/IISc_SYSPINProject_bho_f_HEAL_01974.wav|हीरोइन लोग आज-कल कॉस्मेटिक सर्जरी करावत हईन|3.410|bho_f|IISc_SYSPINProject_bho_f_HEAL_01974|HEALTH
data/processed/syspin_24k/bho_f/IISc_SYSPINProject_bho_f_HEAL_02093.wav|आग पानी हवा धरती आउर आकाश यानी पंचतत्व के साथ दू सौ छ हड्डियन के जोड़ के मानव शरीर क रचना होला|8.164|bho_f|IISc_SYSPINProject_bho_f_HEAL_02093|HEALTH
data/processed/syspin_24k/bho_f/IISc_SYSPINProject_bho_f_HEAL_02106.wav|बाल आउर किशोर मानसिक समस्या में चिंता, तनाव आउर द्विध्रुवीय विकार भी शामिल हवला|5.980|bho_f|IISc_SYSPINProject_bho_f_HEAL_02106|HEALTH
data/processed/syspin_24k/bho_f/IISc_SYSPINProject_bho_f_HEAL_02124.wav|चिकित्सीय इमेजिंग के कोर्स क फिस महंगा ह तभ्भो हम कउनो व्यवस्था करत हई|5.140|bho_f|IISc_SYSPINProject_bho_f_HEAL_02124|HEALTH
data/processed/syspin_24k/bho_f/IISc_SYSPINProject_bho_f_HEAL_02153.wav|प्रसूतिशास्त्र में दू सव हड्डी टूट के बराबर दर्द होला|4.420|bho_f|IISc_SYSPINProject_bho_f_HEAL_02153|HEALTH
data/processed/syspin_24k/bho_f/IISc_SYSPINProject_bho_f_HEAL_02200.wav|आदमी क स्वास्थ्य आउर तंदुरुस्ती आदमी के खाए के आदत पर भी निर्भर करेला|4.820|bho_f|IISc_SYSPINProject_bho_f_HEAL_02200|HEALTH
data/processed/syspin_24k/bho_f/IISc_SYSPINProject_bho_f_HEAL_02239.wav|सनस्क्रीन हमने के सबसे ऊपरी जमड़ी के कहल जाला जवन घामे से हमने के अंदर के हिस्सा क रक्षा करला|7.420|bho_f|IISc_SYSPINProject_bho_f_HEAL_02239|HEALTH
data/processed/syspin_24k/bho_f/IISc_SYSPINProject_bho_f_HEAL_02366.wav|लक्ष्य दू साल तक के बच्चों आउर गर्भवती महिलाओं के बदे सभी उपलब्ध वैक्सीनेशन सुनिश्चित करला|6.700|bho_f|IISc_SYSPINProject_bho_f_HEAL_02366|HEALTH
data/processed/syspin_24k/bho_f/IISc_SYSPINProject_bho_f_HEAL_02402.wav|भारत सरकार जन औषधि पहल जेनेरिक दवाई के बेचे वाले समर्पित स्टोर के माध्यम से हव|5.940|bho_f|IISc_SYSPINProject_bho_f_HEAL_02402|HEALTH
data/processed/syspin_24k/bho_f/IISc_SYSPINProject_bho_f_HEAL_02421.wav|पीला कवक के ही हमने म्यूकोर सेप्टिक के नाम से जानी ला|3.940|bho_f|IISc_SYSPINProject_bho_f_HEAL_02421|HEALTH
data/processed/syspin_24k/bho_f/IISc_SYSPINProject_bho_f_HEAL_02452.wav|दिव्य ज्वरनाशक वटी पुराना से पुराना बुखार कउनो भी प्रकार क बुखार हो खत्म कर में बहुत ही लाभकारी होला|7.740|bho_f|IISc_SYSPINProject_bho_f_HEAL_02452|HEALTH
data/processed/syspin_24k/bho_f/IISc_SYSPINProject_bho_f_HEAL_02552.wav|इथेनॉल क उचित उपयोग के तुलना में अत्यधिक जहरीला मेथेनॉल क उपयोग सस्ता तरीका के रूप में कयल जाला|7.620|bho_f|IISc_SYSPINProject_bho_f_HEAL_02552|HEALTH
data/processed/syspin_24k/bho_f/IISc_SYSPINProject_bho_f_HEAL_02592.wav|मानसिक विकार आदमी के दिमाग के विशेष क्षेत्र या कार्य से जुड़ल बा .|4.700|bho_f|IISc_SYSPINProject_bho_f_HEAL_02592|HEALTH
data/processed/syspin_24k/bho_f/IISc_SYSPINProject_bho_f_HEAL_02698.wav|चिकित्सा अभियान चलावल जाला जेकर लक्ष्य होला सबके स्वास्थ्य सुविधा देईब|5.140|bho_f|IISc_SYSPINProject_bho_f_HEAL_02698|HEALTH
data/processed/syspin_24k/bho_f/IISc_SYSPINProject_bho_f_HEAL_02803.wav|स्वास्थ्यकर्मी ओके कहल जाला जे गांव मुहल्ला क साफ सफाई करला आउर गांव क स्वच्छ रखला|6.340|bho_f|IISc_SYSPINProject_bho_f_HEAL_02803|HEALTH
data/processed/syspin_24k/bho_f/IISc_SYSPINProject_bho_f_HEAL_02872.wav|भारत के जॉन हॉपकिंस मातृ आउर बाल स्वास्थ्य केंद्र जनस्वास्थ्य शिक्षा के मजबूत करे के काम करेला|7.220|bho_f|IISc_SYSPINProject_bho_f_HEAL_02872|HEALTH
data/processed/syspin_24k/bho_f/IISc_SYSPINProject_bho_f_HEAL_02954.wav|चिकित्सा साहित्य चिकित्सा क वैज्ञानिक साहित्य हव ला चिकित्सा के क्षेत्र में समर्पित ग्रंथ में लिखल हव ला|7.260|bho_f|IISc_SYSPINProject_bho_f_HEAL_02954|HEALTH
data/processed/syspin_24k/bho_f/IISc_SYSPINProject_bho_f_HEAL_02980.wav|प्रजनन क दवाई के रोज एक गिलासी दूध के संगे खायल करा|3.920|bho_f|IISc_SYSPINProject_bho_f_HEAL_02980|HEALTH
data/processed/syspin_24k/bho_f/IISc_SYSPINProject_bho_f_HEAL_03033.wav|एक खे एच.आई.वी टीका एक खे संभावित टीका हव, एक निवारक टीका चिकित्सकीय टीका होला|6.240|bho_f|IISc_SYSPINProject_bho_f_HEAL_03033|HEALTH
data/processed/syspin_24k/bho_f/IISc_SYSPINProject_bho_f_HEAL_03103.wav|रक्त परीक्षण के उपयोग शारीरिक अउर जैव रासायनिक जईसन रोग के प्रभाशीलता के निर्धारण के लिए हो ला|7.182|bho_f|IISc_SYSPINProject_bho_f_HEAL_03103|HEALTH
data/processed/syspin_24k/bho_f/IISc_SYSPINProject_bho_f_HEAL_03131.wav|कण्ठमाला का रोग एगो वायरल संक्रमण ह जवन मुख्य रूप से लार पैदा करे वाली ग्रंथियन के प्रभावित करेला|7.517|bho_f|IISc_SYSPINProject_bho_f_HEAL_03131|HEALTH
data/processed/syspin_24k/bho_f/IISc_SYSPINProject_bho_f_INDI_00008.wav|बोफोर्स घोटाला, एच.डी.डब्ल्यू सबमरीन, स्टॉक मार्केट घोटाला, एयरबस घोटाला, चारा घोटाला, दूरसंचार घोटाला, यूरिया घोटाला|9.841|bho_f|IISc_SYSPINProject_bho_f_INDI_00008|INDIA RELATED
data/processed/syspin_24k/bho_f/IISc_SYSPINProject_bho_f_INDI_00052.wav|विक्टोरियन युग रानी विक्टोरिया के शासनकाल क अवधि रहल, अट्ठारह सौ सैंतीस से ओनइस सौ एक उनकर मृत्यु तक|7.920|bho_f|IISc_SYSPINProject_bho_f_INDI_00052|INDIA RELATED
data/processed/syspin_24k/bho_f/IISc_SYSPINProject_bho_f_INDI_00076.wav|सुभाष चंद्र बोस तुम मुझे खून दो मैं तुम्हें आजादी दूंगा का नारा देहे रहेन|5.880|bho_f|IISc_SYSPINProject_bho_f_INDI_00076|INDIA RELATED
data/processed/syspin_24k/bho_f/IISc_SYSPINProject_bho_f_INDI_00135.wav|श्याम बेनेगल हिन्दी फिल्म क एक खे प्रसिद्ध निर्देशक रहलन अंकुर निशांत मंथन आउर भूमिका जईसन फिल्म चर्चित रहल|8.500|bho_f|IISc_SYSPINProject_bho_f_INDI_00135|INDIA RELATED
data/processed/syspin_24k/bho_f/IISc_SYSPINProject_bho_f_INDI_00313.wav|मुगल अपने तलवार के दम पर भारतीय जनता के विश्वास अउर प्यार के काटत रहलन|5.451|bho_f|IISc_SYSPINProject_bho_f_INDI_00313|INDIA RELATED
data/processed/syspin_24k/bho_f/IISc_SYSPINProject_bho_f_INDI_00369.wav|होयसल के शासन के दौरान तत्कालीन कर्नाटक में तीन गो दार्शनिक बसव, माध्वाचार्य अउर रामानुज के विकास भईल रहे|8.423|bho_f|IISc_SYSPINProject_bho_f_INDI_00369|INDIA RELATED
data/processed/syspin_24k/bho_f/IISc_SYSPINProject_bho_f_INDI_00373.wav|ताइवान क संस्कृति परिवार समाज क महत्वपूर्ण इकाई होला बच्चों के सिखावल जाला कि ऊ अपने माता पिता क सम्मान करें|8.780|bho_f|IISc_SYSPINProject_bho_f_INDI_00373|INDIA RELATED
data/processed/syspin_24k/bho_f/IISc_SYSPINProject_bho_f_INDI_00560.wav|सुभाष चंद्र बोस द इंडियन स्ट्रगल पुस्तक लिखले रहलें|3.740|bho_f|IISc_SYSPINProject_bho_f_INDI_00560|INDIA RELATED
data/processed/syspin_24k/bho_f/IISc_SYSPINProject_bho_f_INDI_00567.wav|मार्शल आर्ट्स क आविष्कार चीन, जापान अउर कोरिया में भयल|4.280|bho_f|IISc_SYSPINProject_bho_f_INDI_00567|INDIA RELATED
data/processed/syspin_24k/bho_f/IISc_SYSPINProject_bho_f_INDI_00645.wav|सेल्यूसिड मौर्य युद्ध सेल्युकस निकेटर अउर चंद्रगुप्त मौर्य के बीच भयल|5.570|bho_f|IISc_SYSPINProject_bho_f_INDI_00645|INDIA RELATED
data/processed/syspin_24k/bho_f/IISc_SYSPINProject_bho_f_INDI_01011.wav|इंडोस्फीयर स्केली के नाप क छोटका सीसा अपने गाड़ी में लगावत रहलन|5.200|bho_f|IISc_SYSPINProject_bho_f_INDI_01011|INDIA RELATED
data/processed/syspin_24k/bho_f/IISc_SYSPINProject_bho_f_INDI_01069.wav|भारत क कंपनियन क सूची में रिलायंस इंडस्ट्रीज, इंडियन ऑयल कॉर्पोरेशन, भारतीय स्टेट बैंक आदि प्रमुख हव|8.080|bho_f|IISc_SYSPINProject_bho_f_INDI_01069|INDIA RELATED
data/processed/syspin_24k/bho_f/IISc_SYSPINProject_bho_f_INDI_01188.wav|साइप्रस, आर्मेनिया, इजराइल आदि सीमित मान्यता वाले राज्यन के सूची में आवेलें|5.720|bho_f|IISc_SYSPINProject_bho_f_INDI_01188|INDIA RELATED
data/processed/syspin_24k/bho_f/IISc_SYSPINProject_bho_f_INDI_01276.wav|ऋग्वेद वैदिक संस्कृत स्त्रोतन के एगो प्राचीन भारतीय संग्रह हव ई चार गो पवित्र कैननिकल हिन्दू ग्रंथन बा|8.280|bho_f|IISc_SYSPINProject_bho_f_INDI_01276|INDIA RELATED
data/processed/syspin_24k/bho_f/IISc_SYSPINProject_bho_f_INDI_01347.wav|सबेस्टीन बैटल इंडियन ग्राम्पी दू हजार तेरह में जीतल रहलन|4.540|bho_f|IISc_SYSPINProject_bho_f_INDI_01347|INDIA RELATED
data/processed/syspin_24k/bho_f/IISc_SYSPINProject_bho_f_INDI_01363.wav|मगध राजवंश, बृहद्रथ राजवंश, प्राचीन गणराज्य, प्रद्योत, हर्यक, शिशुनाग, नंद साम्राज्य|7.840|bho_f|IISc_SYSPINProject_bho_f_INDI_01363|INDIA RELATED
data/processed/syspin_24k/bho_f/IISc_SYSPINProject_bho_f_INDI_01401.wav|निमतनामा ए नसीरुद्दीन शाही क मजार ताजमहल के बगलिया में हव|5.100|bho_f|IISc_SYSPINProject_bho_f_INDI_01401|INDIA RELATED
data/processed/syspin_24k/bho_f/IISc_SYSPINProject_bho_f_INDI_01478.wav|आपातकाल क अक्सर स्वतंत्र भारत क इतिहास में एगो अन्हार चरण मानल जाला|5.700|bho_f|IISc_SYSPINProject_bho_f_INDI_01478|INDIA RELATED
data/processed/syspin_24k/bho_f/IISc_SYSPINProject_bho_f_INDI_01629.wav|हर्षा पुष्यभूति राजवंश के प्रतापी राजा रहल|3.560|bho_f|IISc_SYSPINProject_bho_f_INDI_01629|INDIA RELATED
data/processed/syspin_24k/bho_f/IISc_SYSPINProject_bho_f_INDI_01697.wav|हैदराबादी पकवान स्थानीय तेलंगाना अउर मराठवाड़ा व्यंजन क प्रभाव क साथ मुगलई, तुर्किक अउर अरबी क मिश्रण हव|8.806|bho_f|IISc_SYSPINProject_bho_f_INDI_01697|INDIA RELATED
data/processed/syspin_24k/bho_f/IISc_SYSPINProject_bho_f_INDI_01735.wav|भौतिकवाद दार्शनिक अद्वैतवाद क एक रूप ह जवन पदार्थ क प्रकृति में मौलिक पदार्थ मानला|6.570|bho_f|IISc_SYSPINProject_bho_f_INDI_01735|INDIA RELATED
data/processed/syspin_24k/bho_f/IISc_SYSPINProject_bho_f_INDI_01798.wav|सिख धर्म के अनुयाई लोगन क सबसे पवित्र पावन धार्मिक स्थल या गुरुद्वारा के हरमिंदर साहब कहलजाला|7.840|bho_f|IISc_SYSPINProject_bho_f_INDI_01798|INDIA RELATED
data/processed/syspin_24k/bho_f/IISc_SYSPINProject_bho_f_INDI_01902.wav|नियमत नामा नसीरूद्दीन शाही एक किताब हो जिम्मा खाना के बारे में बतावल गयल हव|5.960|bho_f|IISc_SYSPINProject_bho_f_INDI_01902|INDIA RELATED
data/processed/syspin_24k/bho_f/IISc_SYSPINProject_bho_f_INDI_01917.wav|झूमैंर ढोल नगाड़ा बासुरी के साथ झारखंड बिहार उड़ीसा में करल जाला|5.500|bho_f|IISc_SYSPINProject_bho_f_INDI_01917|INDIA RELATED
data/processed/syspin_24k/bho_f/IISc_SYSPINProject_bho_f_INDI_02052.wav|सशास्त्र सीमा बाल के जांच अभी तक कोरोना पॉजिटिव आईल बा|4.440|bho_f|IISc_SYSPINProject_bho_f_INDI_02052|INDIA RELATED
data/processed/syspin_24k/bho_f/IISc_SYSPINProject_bho_f_INDI_02088.wav|हर्षा भोगले एक भारतीय क्रिकेट कमेंटेटर हयन|3.300|bho_f|IISc_SYSPINProject_bho_f_INDI_02088|INDIA RELATED
data/processed/syspin_24k/bho_f/IISc_SYSPINProject_bho_f_INDI_02144.wav|डी.ओ.आई में सिस्टम मेटाडेटा क प्रतिनिधित्व करे के बदे इंडेक्स कंटेंट मॉडल क उपयोग करेला|7.161|bho_f|IISc_SYSPINProject_bho_f_INDI_02144|INDIA RELATED
data/processed/syspin_24k/bho_f/IISc_SYSPINProject_bho_f_INDI_02308.wav|पोलो घोड़ा क पीठ पर खेलल जाए वाला एकठे गेंद क खेल हव|4.560|bho_f|IISc_SYSPINProject_bho_f_INDI_02308|INDIA RELATED
data/processed/syspin_24k/bho_f/IISc_SYSPINProject_bho_f_INDI_02387.wav|टेंम्प्लेट टाक भारतीय विषय यानी कि आपके कउनो भारतीय विषय पर भाषण देव के हवला|6.500|bho_f|IISc_SYSPINProject_bho_f_INDI_02387|INDIA RELATED
data/processed/syspin_24k/bho_f/IISc_SYSPINProject_bho_f_INDI_02476.wav|गुरु नानक के संग,अन्य सिख गुरु ने भी जाति व्यवस्था के पदानुक्रम के निंदा करले हवे|5.810|bho_f|IISc_SYSPINProject_bho_f_INDI_02476|INDIA RELATED
data/processed/syspin_24k/bho_f/IISc_SYSPINProject_bho_f_INDI_02569.wav|कागज क यंत्र क मतलब हवला की ओनके प्रिंटर चाहत हवला|4.140|bho_f|IISc_SYSPINProject_bho_f_INDI_02569|INDIA RELATED
data/processed/syspin_24k/bho_f/IISc_SYSPINProject_bho_f_INDI_02773.wav|मैसूर किला पैट्स जेके अम्बा विलास पैलेस के नाँव से भी जानल जाला.|4.960|bho_f|IISc_SYSPINProject_bho_f_INDI_02773|INDIA RELATED
data/processed/syspin_24k/bho_f/IISc_SYSPINProject_bho_f_INDI_02792.wav|गर्म मौसम वाले राज्यन में आदमी लोग लूंगी पहीनेला|3.640|bho_f|IISc_SYSPINProject_bho_f_INDI_02792|INDIA RELATED
data/processed/syspin_24k/bho_f/IISc_SYSPINProject_bho_f_INDI_02800.wav|भारत में खुदरा बिक्री एकर अर्थव्यवस्था के स्तंभ में से एक हवे,सकल घरेलू उत्पाद के लगभग दस प्रतिशत हिस्सा हवे|8.300|bho_f|IISc_SYSPINProject_bho_f_INDI_02800|INDIA RELATED
data/processed/syspin_24k/bho_f/IISc_SYSPINProject_bho_f_INDI_02803.wav|भारत सारासेनिक वास्तुकला के इंडो गॉथिक मुगल गॉथिक नव मुगल या हिंदू शैली के नाम से भी जानल जाला|8.147|bho_f|IISc_SYSPINProject_bho_f_INDI_02803|INDIA RELATED
data/processed/syspin_24k/bho_f/IISc_SYSPINProject_bho_f_INDI_03008.wav|राष्ट्रीय सुरक्षा गार्ड जेकरा के आमतौर पर ब्लैक कैट्स के नाँव से जानल जाला गृह मंत्रालय के तहत भारत के हव|7.860|bho_f|IISc_SYSPINProject_bho_f_INDI_03008|INDIA RELATED
data/processed/syspin_24k/bho_f/IISc_SYSPINProject_bho_f_INDI_03068.wav|वर्ल्ड त्रिपिटक फाउंडेशन वर्तमान में भारत के पहिला अंतर्राष्ट्रीय त्रिपिटक केंद्र के रूप में हव|7.220|bho_f|IISc_SYSPINProject_bho_f_INDI_03068|INDIA RELATED
data/processed/syspin_24k/bho_f/IISc_SYSPINProject_bho_f_INDI_03174.wav|भारत में स्वास्थ्य सेवा कराव बदे चंदौली से बस आवत ह|4.220|bho_f|IISc_SYSPINProject_bho_f_INDI_03174|INDIA RELATED
data/processed/syspin_24k/bho_f/IISc_SYSPINProject_bho_f_INDI_03214.wav|हिंदू साहित्य में, प्राण क कभी कभी सूर्य से उत्पन्न होव अउर तत्व क जोड़ने के रूप में वर्णित करल गयल ह|7.860|bho_f|IISc_SYSPINProject_bho_f_INDI_03214|INDIA RELATED
data/processed/syspin_24k/bho_f/IISc_SYSPINProject_bho_f_INDI_03259.wav|भारत में अपराध ई अइसन क्रिया होला जेकरे कारण दोषी व्यक्ति के कानून द्वारा निर्धारित दंड देवल जाला|7.880|bho_f|IISc_SYSPINProject_bho_f_INDI_03259|INDIA RELATED
data/processed/syspin_24k/bho_f/IISc_SYSPINProject_bho_f_INDI_03292.wav|डाक टिकट चिपकव वाला कागज से बनल एक साक्ष्य ह जवन यह दर्शावला कि, डाक सेवा क शुल्क क भुगतान हो चुकल ह|8.840|bho_f|IISc_SYSPINProject_bho_f_INDI_03292|INDIA RELATED
data/processed/syspin_24k/bho_f/IISc_SYSPINProject_bho_f_INDI_03295.wav|भारत में दू प्रकार क ज्वाला मुखी ह पहिला बैरन द्वीप अउर दूसरा नारकोंडम|5.570|bho_f|IISc_SYSPINProject_bho_f_INDI_03295|INDIA RELATED
data/processed/syspin_24k/bho_f/IISc_SYSPINProject_bho_f_INDI_03352.wav|शिवाजी के समय मराठा शासन एक जमाने में मुगलन नींद हराम कर देले रहल|5.591|bho_f|IISc_SYSPINProject_bho_f_INDI_03352|INDIA RELATED
data/processed/syspin_24k/bho_f/IISc_SYSPINProject_bho_f_INDI_03358.wav|कार्यक्रम भारत के महत्वपूर्ण निवेश, निर्माण, संरचना, अभिनव प्रयोगों के वैश्विक केंद्र के रुप में बदलल जा सके|8.340|bho_f|IISc_SYSPINProject_bho_f_INDI_03358|INDIA RELATED
data/processed/syspin_24k/bho_f/IISc_SYSPINProject_bho_f_INDI_03383.wav|आर.पी.एफ रेलवे सुरक्षा बल हव जवन यात्री, प्लेट फार्म , गाड़ी तीनों जगह दिखाई देलन|6.137|bho_f|IISc_SYSPINProject_bho_f_INDI_03383|INDIA RELATED
data/processed/syspin_24k/bho_f/IISc_SYSPINProject_bho_f_INDI_03395.wav|रवींद्रनाथ टैगोर श्री अरविंदो भारतीय अंग्रेजी साहित्य क लेखक रहलन|4.880|bho_f|IISc_SYSPINProject_bho_f_INDI_03395|INDIA RELATED
data/processed/syspin_24k/bho_f/IISc_SYSPINProject_bho_f_INDI_03441.wav|प्लास्टर या रेंडर एक निर्माण सामग्री ह जवन समुच्चय , एक बांधने क मशीन आउर पानी से बना ह|7.260|bho_f|IISc_SYSPINProject_bho_f_INDI_03441|INDIA RELATED
data/processed/syspin_24k/bho_f/IISc_SYSPINProject_bho_f_INDI_03444.wav|शब ए बारात दो शब्द शब बारात से मिलकर बनला जहाँ शब क अर्थ होला वही बारात क मतलब होला|7.810|bho_f|IISc_SYSPINProject_bho_f_INDI_03444|INDIA RELATED
data/processed/syspin_24k/bho_f/IISc_SYSPINProject_bho_f_INDI_03552.wav|साहित्य अनुभव क विश्लेषण अउर निष्कर्ष क संश्लेषण के एकता में बदल क होव के चाही|6.060|bho_f|IISc_SYSPINProject_bho_f_INDI_03552|INDIA RELATED
data/processed/syspin_24k/bho_f/IISc_SYSPINProject_bho_f_LOCA_00045.wav|उत्तर प्रदेश के पिनकोड चौंतीस बटालियन पी.ए.सी भुल्लनपुर वाराणसी उत्तर प्रदेश दो दो एक शून्य शून्य पाँच बा.|8.800|bho_f|IISc_SYSPINProject_bho_f_LOCA_00045|LOCAL CONVERSATION
data/processed/syspin_24k/bho_f/IISc_SYSPINProject_bho_f_LOCA_00046.wav|उस्ताद बिस्मिल्ला ख़ाँ हिन्दुस्तान क प्रख्यात शहनाई वादक रहलन, उनकर जन्म डुमराँव, बिहार में भयल रहल|7.000|bho_f|IISc_SYSPINProject_bho_f_LOCA_00046|LOCAL CONVERSATION
data/processed/syspin_24k/bho_f/IISc_SYSPINProject_bho_f_LOCA_00051.wav|नक्कटैय्या सुपनखा के नाक कटे पर भी नक्कटैय्या मेला लगावल जाला|5.130|bho_f|IISc_SYSPINProject_bho_f_LOCA_00051|LOCAL CONVERSATION
data/processed/syspin_24k/bho_f/IISc_SYSPINProject_bho_f_LOCA_00104.wav|कहरवा, दूल्हा दुल्हन के डोली ढोवत घरी कहारन के द्वारा गावल जाये वाला गीत|5.720|bho_f|IISc_SYSPINProject_bho_f_LOCA_00104|LOCAL CONVERSATION
data/processed/syspin_24k/bho_f/IISc_SYSPINProject_bho_f_LOCA_00109.wav|गुडहिया जलेबी रामु के दूकान पर हमेशा मिलेला गुडे क बनेला अउर बहुत विक्री होला|5.860|bho_f|IISc_SYSPINProject_bho_f_LOCA_00109|LOCAL CONVERSATION
data/processed/syspin_24k/bho_f/IISc_SYSPINProject_bho_f_LOCA_00200.wav|टंम्पू अउर बस से वाराणसी सिटी जंक्सन क बड़ा मिल जाला|3.880|bho_f|IISc_SYSPINProject_bho_f_LOCA_00200|LOCAL CONVERSATION
data/processed/syspin_24k/bho_f/IISc_SYSPINProject_bho_f_LOCA_00212.wav|दोहरा द एक्सप्लोरर एक अमेरिकी मीडिया फ्रेंचाइजी हौ.|3.900|bho_f|IISc_SYSPINProject_bho_f_LOCA_00212|LOCAL CONVERSATION
data/processed/syspin_24k/bho_f/IISc_SYSPINProject_bho_f_LOCA_00304.wav|इफ्तीखार भारतीय सिनेमा के प्रसिद्ध अभिनेता रहलन|3.540|bho_f|IISc_SYSPINProject_bho_f_LOCA_00304|LOCAL CONVERSATION
data/processed/syspin_24k/bho_f/IISc_SYSPINProject_bho_f_LOCA_00308.wav|इस्कॉन मंदिर क स्थापना न्यू यॉर्क में भयल रहल|3.060|bho_f|IISc_SYSPINProject_bho_f_LOCA_00308|LOCAL CONVERSATION
data/processed/syspin_24k/bho_f/IISc_SYSPINProject_bho_f_LOCA_00322.wav|ओलंपियन गुलजारा सिंह एगो अव्वल दर्जा के धावक रहलें|3.720|bho_f|IISc_SYSPINProject_bho_f_LOCA_00322|LOCAL CONVERSATION
data/processed/syspin_24k/bho_f/IISc_SYSPINProject_bho_f_LOCA_00330.wav|कंडा बीने में बहुत मजा आवेला हम बँधा में जाके बिनत रहली|4.100|bho_f|IISc_SYSPINProject_bho_f_LOCA_00330|LOCAL CONVERSATION
data/processed/syspin_24k/bho_f/IISc_SYSPINProject_bho_f_LOCA_00472.wav|दंड बैठक क मतलब होला जब छात्र के गलती कर पर ओके दंड बैठकी क सजा मिलेला.|5.980|bho_f|IISc_SYSPINProject_bho_f_LOCA_00472|LOCAL CONVERSATION
data/processed/syspin_24k/bho_f/IISc_SYSPINProject_bho_f_LOCA_00482.wav|धन निरंकार एक धार्मिक स्लोगन हव जेकर प्रचार प्रसार पंजाब का एक धार्मिक संस्था करला|6.100|bho_f|IISc_SYSPINProject_bho_f_LOCA_00482|LOCAL CONVERSATION
data/processed/syspin_24k/bho_f/IISc_SYSPINProject_bho_f_LOCA_00520.wav|बनारस क लस्सी पंजाब क ताज़ा पेय से बिल्कुल अलग हव, इ अपने आप में एकठे पेट भरे वाला भोजन हव|6.680|bho_f|IISc_SYSPINProject_bho_f_LOCA_00520|LOCAL CONVERSATION
data/processed/syspin_24k/bho_f/IISc_SYSPINProject_bho_f_LOCA_00650.wav|रविशंकर प्रसाद जी भारतीय जनता पार्टी के तरफ से शत्रुघ्न सिन्हा के हराव वाला एक जबरदस्त नेता|6.700|bho_f|IISc_SYSPINProject_bho_f_LOCA_00650|LOCAL CONVERSATION
data/processed/syspin_24k/bho_f/IISc_SYSPINProject_bho_f_LOCA_00662.wav|शिव धाम कैथी बानारस के श्री मार्कंडेय महादेव मंदिर के नाम से जानल जाला|5.140|bho_f|IISc_SYSPINProject_bho_f_LOCA_00662|LOCAL CONVERSATION
data/processed/syspin_24k/bho_f/IISc_SYSPINProject_bho_f_LOCA_00671.wav|होली रंग क हंसीं खुशी क त्योहार हव भारत क एक प्रसिद्ध त्योहार हव.|4.740|bho_f|IISc_SYSPINProject_bho_f_LOCA_00671|LOCAL CONVERSATION
data/processed/syspin_24k/bho_f/IISc_SYSPINProject_bho_f_LOCA_00699.wav|नवग्रह पूजा करे से अच्छा स्वास्थ्य, ज्ञान, समृद्धि, सद्भाव, सफलता क वरदान प्राप्त होत हव|5.780|bho_f|IISc_SYSPINProject_bho_f_LOCA_00699|LOCAL CONVERSATION
data/processed/syspin_24k/bho_f/IISc_SYSPINProject_bho_f_LOCA_00762.wav|बनारस शब्द के उत्पत्ति बरना,अस्सी इ वाराणसी के सन्धी विच्छेद हव|5.190|bho_f|IISc_SYSPINProject_bho_f_LOCA_00762|LOCAL CONVERSATION
data/processed/syspin_24k/bho_f/IISc_SYSPINProject_bho_f_LOCA_00805.wav|गोईठा चऊर के पिशान में उर्दू के दाल पीस के बनावल जाला|3.860|bho_f|IISc_SYSPINProject_bho_f_LOCA_00805|LOCAL CONVERSATION
data/processed/syspin_24k/bho_f/IISc_SYSPINProject_bho_f_LOCA_00979.wav|अरुण कमल आधुनिक हिंदी साहित्य में समकालीन दौर क प्रगतिशील विचारधारा संपन्न, अकाव्यात्मक शैलि क ख्यात कवि हवें|8.500|bho_f|IISc_SYSPINProject_bho_f_LOCA_00979|LOCAL CONVERSATION
data/processed/syspin_24k/bho_f/IISc_SYSPINProject_bho_f_LOCA_01045.wav|अइठन अइसन चीज होला जवन आपन अस्तित्व खोले के बाद भी होकर बाहरी आवरण पहिले के जइसन ही रहला|7.080|bho_f|IISc_SYSPINProject_bho_f_LOCA_01045|LOCAL CONVERSATION
data/processed/syspin_24k/bho_f/IISc_SYSPINProject_bho_f_LOCA_01130.wav|राउर नाम पिधु रउरा के अभिव्यंजक, मिलनसार स्वभाव देला.|4.050|bho_f|IISc_SYSPINProject_bho_f_LOCA_01130|LOCAL CONVERSATION
data/processed/syspin_24k/bho_f/IISc_SYSPINProject_bho_f_LOCA_01226.wav|भारत रत्न उस्ताद बिस्मिल्लाह खान शहनाई बजावा से पहिले बनारस स्पोर्टिंग क्लब का एक बेहतरीन डिफेंडर रहलन|7.480|bho_f|IISc_SYSPINProject_bho_f_LOCA_01226|LOCAL CONVERSATION
data/processed/syspin_24k/bho_f/IISc_SYSPINProject_bho_f_LOCA_01235.wav|विवेक सिंह हॉकी स्टेडियम बनारस के शिवपुर चुंगी पर बाड़े|4.200|bho_f|IISc_SYSPINProject_bho_f_LOCA_01235|LOCAL CONVERSATION
data/processed/syspin_24k/bho_f/IISc_SYSPINProject_bho_f_LOCA_01484.wav|हीरालाल यादव काशी के बिरहा सम्राट हउवन, इनकरा के दू हज़ार ओनइस में राष्ट्रपति द्वारा पद्मश्री सम्मान मिलल|7.560|bho_f|IISc_SYSPINProject_bho_f_LOCA_01484|LOCAL CONVERSATION
data/processed/syspin_24k/bho_f/IISc_SYSPINProject_bho_f_LOCA_01493.wav|मुहर्रम के समय इमाम हुसैन के बलिदान के श्रद्धांजलि देवे खातिर दलिया बनावल जाला|5.660|bho_f|IISc_SYSPINProject_bho_f_LOCA_01493|LOCAL CONVERSATION
data/processed/syspin_24k/bho_f/IISc_SYSPINProject_bho_f_LOCA_01604.wav|धनतेरस मंन्थन के समय भगवान अमृत कलश लेके प्रकट भयल रहलन.|4.370|bho_f|IISc_SYSPINProject_bho_f_LOCA_01604|LOCAL CONVERSATION
data/processed/syspin_24k/bho_f/IISc_SYSPINProject_bho_f_LOCA_01661.wav|जीवित्पुत्रिका लाइका के दीर्घायु होवे बदे करल जाला|3.630|bho_f|IISc_SYSPINProject_bho_f_LOCA_01661|LOCAL CONVERSATION
data/processed/syspin_24k/bho_f/IISc_SYSPINProject_bho_f_LOCA_01700.wav|हमहन के पहाड़ी पर सीता रसोई ह जवने में सीता माता क चूड़ी टांगल ह|5.260|bho_f|IISc_SYSPINProject_bho_f_LOCA_01700|LOCAL CONVERSATION
data/processed/syspin_24k/bho_f/IISc_SYSPINProject_bho_f_LOCA_01760.wav|पान चाय गांव देहात में लोग रिश्तेदार के करावावलन|3.840|bho_f|IISc_SYSPINProject_bho_f_LOCA_01760|LOCAL CONVERSATION
data/processed/syspin_24k/bho_f/IISc_SYSPINProject_bho_f_LOCA_02007.wav|ईद क मतलब नपैगम्बर हज़रत मुहम्मद क बद क लड़ाई में जीत हासिल हव.|5.760|bho_f|IISc_SYSPINProject_bho_f_LOCA_02007|LOCAL CONVERSATION
data/processed/syspin_24k/bho_f/IISc_SYSPINProject_bho_f_LOCA_02102.wav|सीता समाहित स्थल पर हनुमानजी क एक सौ दस फीट ऊचि मूर्ति हव|5.180|bho_f|IISc_SYSPINProject_bho_f_LOCA_02102|LOCAL CONVERSATION
data/processed/syspin_24k/bho_f/IISc_SYSPINProject_bho_f_LOCA_02179.wav|कड़ा हाथ में पहिनें जाए वाला आभूषण होला|2.980|bho_f|IISc_SYSPINProject_bho_f_LOCA_02179|LOCAL CONVERSATION
data/processed/syspin_24k/bho_f/IISc_SYSPINProject_bho_f_LOCA_02263.wav|पार्श्वनाथ जैन मंदिर भेलूपुर वाराणसी में इ जैन धर्म क दुनों संप्रदायन से संबंधित हव अउर जैनियन बदे एकठे पवित्र तीर्थ या तीर्थस्थल हव|10.551|bho_f|IISc_SYSPINProject_bho_f_LOCA_02263|LOCAL CONVERSATION
data/processed/syspin_24k/bho_f/IISc_SYSPINProject_bho_f_LOCA_02333.wav|सर्किट हाउस सरकारी अधिकारी आउर नेता लोग क आरामगाह हव|4.360|bho_f|IISc_SYSPINProject_bho_f_LOCA_02333|LOCAL CONVERSATION
data/processed/syspin_24k/bho_f/IISc_SYSPINProject_bho_f_LOCA_02344.wav|रमेशचन्द्र झा भारतीय स्वाधीनता संग्राम में सक्रिय क्रांतिकारी रहलन जे बाद में साहित्य के क्षेत्र में भी उल्लेखनीय भूमिका निभईलन|8.873|bho_f|IISc_SYSPINProject_bho_f_LOCA_02344|LOCAL CONVERSATION
data/processed/syspin_24k/bho_f/IISc_SYSPINProject_bho_f_LOCA_02498.wav|सारंगी क धुन सुन के अच्छे अच्छे गब्बर सिंह क दिल पिघल जाला आंख से आंसू क नदी फूट पड़ला|6.880|bho_f|IISc_SYSPINProject_bho_f_LOCA_02498|LOCAL CONVERSATION
data/processed/syspin_24k/bho_f/IISc_SYSPINProject_bho_f_LOCA_02586.wav|बिछू वीर का मेला मिर्जापुर क्षेत्र में लगेला|3.420|bho_f|IISc_SYSPINProject_bho_f_LOCA_02586|LOCAL CONVERSATION
data/processed/syspin_24k/bho_f/IISc_SYSPINProject_bho_f_LOCA_02595.wav|श्री राधा स्वामी बाग क स्थापना श्री शिवदयाल सिंह जी द्वारा सत्रहवीं शताब्दी के मध्य में करल गयल रहल|7.280|bho_f|IISc_SYSPINProject_bho_f_LOCA_02595|LOCAL CONVERSATION
data/processed/syspin_24k/bho_f/IISc_SYSPINProject_bho_f_LOCA_02660.wav|लाल बहादुर शास्त्री हवाई अड्डा के देश क पहिला ऊपर रनवे नीचे हाईवे मॉडल क बनावल जात हव|6.850|bho_f|IISc_SYSPINProject_bho_f_LOCA_02660|LOCAL CONVERSATION
data/processed/syspin_24k/bho_f/IISc_SYSPINProject_bho_f_LOCA_02714.wav|गरी क उपयोग खीर अउर सेवई जईसन व्यंजन बनावे में कईल जाला|4.272|bho_f|IISc_SYSPINProject_bho_f_LOCA_02714|LOCAL CONVERSATION
data/processed/syspin_24k/bho_f/IISc_SYSPINProject_bho_f_LOCA_02779.wav|शाह जलाल दरगाह वर्तमान में बांग्लादेश के सबसे बड़ आउर सबसे ज्यादा घूमे वाला धार्मिक स्थल बा.|6.780|bho_f|IISc_SYSPINProject_bho_f_LOCA_02779|LOCAL CONVERSATION
data/processed/syspin_24k/bho_f/IISc_SYSPINProject_bho_f_LOCA_02783.wav|मचिया एक आदमी क बैठने योग्य छोटी चारपाई ह|3.560|bho_f|IISc_SYSPINProject_bho_f_LOCA_02783|LOCAL CONVERSATION
data/processed/syspin_24k/bho_f/IISc_SYSPINProject_bho_f_LOCA_02808.wav|ढीठ मतलब केहु क बात न सुनब जइसे कि फलाने क लड़िकवा बहुत ढीठ हव|5.340|bho_f|IISc_SYSPINProject_bho_f_LOCA_02808|LOCAL CONVERSATION
data/processed/syspin_24k/bho_f/IISc_SYSPINProject_bho_f_LOCA_02809.wav|खूंटा पालतू जानवर के बांधने के काम में आवला|3.380|bho_f|IISc_SYSPINProject_bho_f_LOCA_02809|LOCAL CONVERSATION
data/processed/syspin_24k/bho_f/IISc_SYSPINProject_bho_f_LOCA_02842.wav|लहूरावीर क मार्केट बनारस का पुराना अउर प्रतिष्ठित मार्केट हव जहां जरूरत क सब सामान मिल जाला|7.060|bho_f|IISc_SYSPINProject_bho_f_LOCA_02842|LOCAL CONVERSATION
data/processed/syspin_24k/bho_f/IISc_SYSPINProject_bho_f_LOCA_02873.wav|खेसारी लाल यादव भोजपुरी गायक रहलन इ बाद में पिक्चर बनावे लगलन|4.920|bho_f|IISc_SYSPINProject_bho_f_LOCA_02873|LOCAL CONVERSATION
data/processed/syspin_24k/bho_f/IISc_SYSPINProject_bho_f_LOCA_02913.wav|रामधारी सिंह दिनकर हिंदी के गद्य आउर पद्य के लेखक रहलन|4.140|bho_f|IISc_SYSPINProject_bho_f_LOCA_02913|LOCAL CONVERSATION
data/processed/syspin_24k/bho_f/IISc_SYSPINProject_bho_f_LOCA_02950.wav|बोधगया मंदिर भगवान बुद्ध क ज्ञान प्राप्ति अस्थल पर बनल बाय|4.710|bho_f|IISc_SYSPINProject_bho_f_LOCA_02950|LOCAL CONVERSATION
data/processed/syspin_24k/bho_f/IISc_SYSPINProject_bho_f_LOCA_02983.wav|कीनाराम संत परम्परा के कवि रहलें, इनकर अघोरपीठ बनारस अउर चंदौली के रामगढ़ में हव|6.440|bho_f|IISc_SYSPINProject_bho_f_LOCA_02983|LOCAL CONVERSATION
data/processed/syspin_24k/bho_f/IISc_SYSPINProject_bho_f_LOCA_02992.wav|हजामत बना के कहत हउआ की तू हमार भाई हउआ|3.390|bho_f|IISc_SYSPINProject_bho_f_LOCA_02992|LOCAL CONVERSATION
data/processed/syspin_24k/bho_f/IISc_SYSPINProject_bho_f_LOCA_03042.wav|डेबरी, डिज्बी के आकार क टीन, शीशा आदि क एकठे बरतन जेकरा में तेल भर के रोशनी बदे बत्ती जलावत हवें|7.830|bho_f|IISc_SYSPINProject_bho_f_LOCA_03042|LOCAL CONVERSATION
data/processed/syspin_24k/bho_f/IISc_SYSPINProject_bho_f_LOCA_03043.wav|सुलटन केश्वर महादेव घाट दशाश्वमेध घाट से पन्द्रह किलोमीटर दूर दक्षिण में स्थित हव|6.500|bho_f|IISc_SYSPINProject_bho_f_LOCA_03043|LOCAL CONVERSATION
data/processed/syspin_24k/bho_f/IISc_SYSPINProject_bho_f_LOCA_03077.wav|छेक्कैया, सगाई क रस्म हव जवन दुल्हन के परिसर में होत हव|4.540|bho_f|IISc_SYSPINProject_bho_f_LOCA_03077|LOCAL CONVERSATION
data/processed/syspin_24k/bho_f/IISc_SYSPINProject_bho_f_LOCA_03091.wav|नागपंचमी के त्योहार पर गांव गांव में घोड़बद्दी क खेल लड़का सब खेले लें|5.460|bho_f|IISc_SYSPINProject_bho_f_LOCA_03091|LOCAL CONVERSATION
data/processed/syspin_24k/bho_f/IISc_SYSPINProject_bho_f_LOCA_03113.wav|अम्बेडकर पार्क के निर्माण उत्तर प्रदेश के पूर्व मुख्यमंत्री मायावती अपना प्रशासन के दौरान कयले रहली|7.134|bho_f|IISc_SYSPINProject_bho_f_LOCA_03113|LOCAL CONVERSATION
data/processed/syspin_24k/bho_f/IISc_SYSPINProject_bho_f_LOCA_03160.wav|बाजरा नाव एक तरे क पेशेवर बडा किंतु साधारण नाव के कहल जाला जवन की पर्यटन बदे बनल रहला|7.340|bho_f|IISc_SYSPINProject_bho_f_LOCA_03160|LOCAL CONVERSATION
data/processed/syspin_24k/bho_f/IISc_SYSPINProject_bho_f_LOCA_03239.wav|मरद मेहरारू के नाता में मरद क अपने मेहरी क खाती कुछ सामाजिक सांस्कृतिक जिम्मेदारी रहला|6.736|bho_f|IISc_SYSPINProject_bho_f_LOCA_03239|LOCAL CONVERSATION
data/processed/syspin_24k/bho_f/IISc_SYSPINProject_bho_f_LOCA_03332.wav|परछन क कार्यक्रम दूल्हा के ससुराल में पहिला बार पहुंचले पर दूल्हा के सास द्वारा करल एक रस्म अदायगी हव|7.700|bho_f|IISc_SYSPINProject_bho_f_LOCA_03332|LOCAL CONVERSATION
data/processed/syspin_24k/bho_f/IISc_SYSPINProject_bho_f_LOCA_03349.wav|लालपुर अंतर्राष्ट्रीय हॉकी स्टेडियम क कायाकल्प होवे वाला हव, अब लालपुर स्टेडियम में इंडोर स्टेडियम बनावल जाई|7.632|bho_f|IISc_SYSPINProject_bho_f_LOCA_03349|LOCAL CONVERSATION
data/processed/syspin_24k/bho_f/IISc_SYSPINProject_bho_f_LOCA_03437.wav|राम नाथ कोविंद के पत्नी क नाम सविता कोविंद हव|3.580|bho_f|IISc_SYSPINProject_bho_f_LOCA_03437|LOCAL CONVERSATION
data/processed/syspin_24k/bho_f/IISc_SYSPINProject_bho_f_LOCA_03441.wav|पंचामृत में पाँच प्रकार क चीज डालल जाला अउर कथा भइले के बाद बटाला|5.450|bho_f|IISc_SYSPINProject_bho_f_LOCA_03441|LOCAL CONVERSATION
data/processed/syspin_24k/bho_f/IISc_SYSPINProject_bho_f_POLI_00129.wav|भारत क पूर्व राष्ट्रपति प्रणव मुखर्जी जी रहलन बहुत पुरष्कार से सम्मानित कइले रहलन श्रेष्ठ नागरिकन के|7.540|bho_f|IISc_SYSPINProject_bho_f_POLI_00129|POLITICS
data/processed/syspin_24k/bho_f/IISc_SYSPINProject_bho_f_POLI_00141.wav|.फांसिज्म कट्टर जर्मन राष्ट्रवाद, विदेशी विरोधी, आर्य आउर जर्मन हित ए विचारधारा क मूल उद्देश्य हव|7.480|bho_f|IISc_SYSPINProject_bho_f_POLI_00141|POLITICS
data/processed/syspin_24k/bho_f/IISc_SYSPINProject_bho_f_POLI_00216.wav|माओत्से तुंग के नेतृत्व में चीनी कम्युनिस्ट पार्टी सी.सी.पी कुओमितांग के खिलाफ चीनी गृहयुद्ध में विजयी होके ह|8.340|bho_f|IISc_SYSPINProject_bho_f_POLI_00216|POLITICS
data/processed/syspin_24k/bho_f/IISc_SYSPINProject_bho_f_POLI_00296.wav|आई.पी.एस भारत के ब्रिटिश राज से आजादी मिलला के साल बाद एक हज़ार नौ सौ सड़सठ में इम्पीरियल पुलिस के जगह लिहलस|8.580|bho_f|IISc_SYSPINProject_bho_f_POLI_00296|POLITICS
data/processed/syspin_24k/bho_f/IISc_SYSPINProject_bho_f_POLI_00313.wav|आयुष मंत्रालय उद्देश्य उपयुक्त क शिक्षा आउर अनुसन्धान के बढ़ावा देवला.|5.516|bho_f|IISc_SYSPINProject_bho_f_POLI_00313|POLITICS
data/processed/syspin_24k/bho_f/IISc_SYSPINProject_bho_f_POLI_00351.wav|एगो बैंड सोसाइटी जवना के कबो कबो कैंप कहल जाला|3.700|bho_f|IISc_SYSPINProject_bho_f_POLI_00351|POLITICS
data/processed/syspin_24k/bho_f/IISc_SYSPINProject_bho_f_POLI_00352.wav|एन.ई.पी दो हज़ार बीस पिछला नीति के चौतीस साल बाद आईल बा|4.300|bho_f|IISc_SYSPINProject_bho_f_POLI_00352|POLITICS
data/processed/syspin_24k/bho_f/IISc_SYSPINProject_bho_f_POLI_00499.wav|प्रतियोगिता एक प्रतिद्वंद्विता ह दो या दो से अधिक पार्टि एक सामान्य लक्ष्य के लिए प्रयास करला|6.220|bho_f|IISc_SYSPINProject_bho_f_POLI_00499|POLITICS
data/processed/syspin_24k/bho_f/IISc_SYSPINProject_bho_f_POLI_00558.wav|यू.के मरीजो क अधिकार चार्टर उन्नीस सौ नब्बे पेश कर के संशोधित कयल गयल|5.760|bho_f|IISc_SYSPINProject_bho_f_POLI_00558|POLITICS
data/processed/syspin_24k/bho_f/IISc_SYSPINProject_bho_f_POLI_00628.wav|राष्ट्रीय दल क कम से कम चार नाहीत अधिक राज्य राज्यीय दल मान्यता प्राप्त होला.|6.100|bho_f|IISc_SYSPINProject_bho_f_POLI_00628|POLITICS
data/processed/syspin_24k/bho_f/IISc_SYSPINProject_bho_f_POLI_00688.wav|संवैधानिक उपचार क अधिकार संविधान क विधिक नियम के जल्द अउर मितव्ययता के साथ उपाद देवल जाला|7.230|bho_f|IISc_SYSPINProject_bho_f_POLI_00688|POLITICS
data/processed/syspin_24k/bho_f/IISc_SYSPINProject_bho_f_POLI_00707.wav|भगवान श्री राम क मंदिर के निर्माण में कांग्रेस क पूर्व प्रधानमंत्री श्री नरसिम्हा राव क बड़ा हाथ हवला|6.828|bho_f|IISc_SYSPINProject_bho_f_POLI_00707|POLITICS
data/processed/syspin_24k/bho_f/IISc_SYSPINProject_bho_f_POLI_00865.wav|मुगल एम्पायर में बहुत उतार चढ़ाव देखै खातिर मिलै ला|3.820|bho_f|IISc_SYSPINProject_bho_f_POLI_00865|POLITICS
data/processed/syspin_24k/bho_f/IISc_SYSPINProject_bho_f_POLI_00877.wav|लेवियथन सोलह सौ इक्यावन में थॉमस हॉब्स संप्रभुता के एक अवधारणा रखलें जे बोडिन के अवधारणा नियर रहल.|7.986|bho_f|IISc_SYSPINProject_bho_f_POLI_00877|POLITICS
data/processed/syspin_24k/bho_f/IISc_SYSPINProject_bho_f_POLI_00902.wav|भारत रत्न उस्ताद श्री बिस्मिल्लाह खान वास्तव में सिर्फ बनारस क नाहीं बल्कि पूरे भारत क शान रहलन|6.900|bho_f|IISc_SYSPINProject_bho_f_POLI_00902|POLITICS
data/processed/syspin_24k/bho_f/IISc_SYSPINProject_bho_f_POLI_00932.wav|भारत क भारतीय पुलिस सेवा पूरा चउबीसो घंटा खुलल रहला|4.520|bho_f|IISc_SYSPINProject_bho_f_POLI_00932|POLITICS
data/processed/syspin_24k/bho_f/IISc_SYSPINProject_bho_f_POLI_00938.wav|कृषक अपन खेत के उपज बचावे उपयोग करे बोवे या आदान प्रदान करे क अधिकार किसान से बाँटे क अधिकार हौ.|7.880|bho_f|IISc_SYSPINProject_bho_f_POLI_00938|POLITICS
data/processed/syspin_24k/bho_f/IISc_SYSPINProject_bho_f_POLI_01091.wav|पशु अधिकार एक नैतिक सिद्धांत हव जे जानवर मनुष्य इच्छा क अधीन भयले अपना मर्जी से जिए क क्षमता के हकदार बाड़ें.|8.280|bho_f|IISc_SYSPINProject_bho_f_POLI_01091|POLITICS
data/processed/syspin_24k/bho_f/IISc_SYSPINProject_bho_f_POLI_01127.wav|मिसाइल रक्षा मे भारत फ्रांस आउर इटली चीन के प्रणाली विकसित करला.|4.710|bho_f|IISc_SYSPINProject_bho_f_POLI_01127|POLITICS
data/processed/syspin_24k/bho_f/IISc_SYSPINProject_bho_f_POLI_01209.wav|राष्ट्रीय जनतान्त्रिक गठबन्धन या राजग भारत में एक राजनीतिक गठबन्धन ह|4.880|bho_f|IISc_SYSPINProject_bho_f_POLI_01209|POLITICS
data/processed/syspin_24k/bho_f/IISc_SYSPINProject_bho_f_POLI_01274.wav|बिजली मंत्रालय आपन बहुत प्लान्ट प्राईवेट कम्पनी के देले बा|4.180|bho_f|IISc_SYSPINProject_bho_f_POLI_01274|POLITICS
data/processed/syspin_24k/bho_f/IISc_SYSPINProject_bho_f_POLI_01309.wav|लोकतंत्र के आलोचना के दृष्टिकोण आलोचकन के अच्छा भीतरी आलोचक में बाँटे के बा|5.520|bho_f|IISc_SYSPINProject_bho_f_POLI_01309|POLITICS
data/processed/syspin_24k/bho_f/IISc_SYSPINProject_bho_f_POLI_01533.wav|कार्नाटक क उप मुख्यमंत्री शिवकुमार बनलय|3.000|bho_f|IISc_SYSPINProject_bho_f_POLI_01533|POLITICS
data/processed/syspin_24k/bho_f/IISc_SYSPINProject_bho_f_POLI_01607.wav|लॉर्ड मैकाले के शिक्षा नीति से छुटकारा दिला के सरकार भारतीय भविष्य के मजबूत कईले स|6.301|bho_f|IISc_SYSPINProject_bho_f_POLI_01607|POLITICS
data/processed/syspin_24k/bho_f/IISc_SYSPINProject_bho_f_POLI_01649.wav|नागरिक आउर राजनीतिक घटना एक दूसरे से बन्हल रहला जइसे राधा से श्याम|5.380|bho_f|IISc_SYSPINProject_bho_f_POLI_01649|POLITICS
data/processed/syspin_24k/bho_f/IISc_SYSPINProject_bho_f_POLI_01735.wav|भाभा रिसर्च सेन्टर क जवन फंड पास होला उ विज्ञान अउर प्रौद्योगिकी मन्त्रालय के तरफ से होला|6.280|bho_f|IISc_SYSPINProject_bho_f_POLI_01735|POLITICS
data/processed/syspin_24k/bho_f/IISc_SYSPINProject_bho_f_POLI_01787.wav|मॉडेम राजनीति नरेंद्र मोदी क शून्य से शिखर तक क सफर मॉडेम राजनीति क बहुत अच्छा उदाहरण हव|7.180|bho_f|IISc_SYSPINProject_bho_f_POLI_01787|POLITICS
data/processed/syspin_24k/bho_f/IISc_SYSPINProject_bho_f_POLI_01818.wav|योजना आयोग सदस्य क काम देश में पंचवर्षिय योजना के साथ अउर भी सब तरह क योजना लागु करब होला|7.270|bho_f|IISc_SYSPINProject_bho_f_POLI_01818|POLITICS
data/processed/syspin_24k/bho_f/IISc_SYSPINProject_bho_f_POLI_01884.wav|संवैधानिक राजतंत्र, निरपेक्ष राजतंत्र, एक दलीय राज्य, संघीय राज्य, आश्रित इलाका एह क्षेत्र के कारक हव|8.318|bho_f|IISc_SYSPINProject_bho_f_POLI_01884|POLITICS
data/processed/syspin_24k/bho_f/IISc_SYSPINProject_bho_f_POLI_01895.wav|कॉरपोरेट मामलो के मंत्रालय में अनुबंध के आधार पर युवा प्रोफेशनल के भर्ती|5.460|bho_f|IISc_SYSPINProject_bho_f_POLI_01895|POLITICS
data/processed/syspin_24k/bho_f/IISc_SYSPINProject_bho_f_POLI_01976.wav|मानवता क खिलाफ अपराध कउनो राज्य द्वारा मानव अधिकार क घोर उल्लंघन करलन|6.040|bho_f|IISc_SYSPINProject_bho_f_POLI_01976|POLITICS
data/processed/syspin_24k/bho_f/IISc_SYSPINProject_bho_f_POLI_01999.wav|पुरुषों क आन्दोलन पश्चिमी देश में लैंगिक मुद्दा पर उभरल रहल|4.240|bho_f|IISc_SYSPINProject_bho_f_POLI_01999|POLITICS
data/processed/syspin_24k/bho_f/IISc_SYSPINProject_bho_f_POLI_02063.wav|प्रतिनिधि करै खातिर समझदारी अउर वाकपटुता बहुत जरुरी बा|4.380|bho_f|IISc_SYSPINProject_bho_f_POLI_02063|POLITICS
data/processed/syspin_24k/bho_f/IISc_SYSPINProject_bho_f_POLI_02161.wav|भारत के चुनावी प्रक्रिया बहुत ही पारदर्शी हव|3.160|bho_f|IISc_SYSPINProject_bho_f_POLI_02161|POLITICS
data/processed/syspin_24k/bho_f/IISc_SYSPINProject_bho_f_POLI_02168.wav|ब्रूनेई राष्ट्र क पहचान एक शांत राष्ट्र के आउर मुस्लिम देश के रूप में हव|5.180|bho_f|IISc_SYSPINProject_bho_f_POLI_02168|POLITICS
data/processed/syspin_24k/bho_f/IISc_SYSPINProject_bho_f_POLI_02246.wav|महिला बाल विकास के आफीस मे हर साल चैरीटी प्रोग्राम होला|3.880|bho_f|IISc_SYSPINProject_bho_f_POLI_02246|POLITICS
data/processed/syspin_24k/bho_f/IISc_SYSPINProject_bho_f_POLI_02481.wav|महात्मा गांधी द्वारा अहिंसक क्रांति के सुझाव देवल गईल रहल|4.120|bho_f|IISc_SYSPINProject_bho_f_POLI_02481|POLITICS
data/processed/syspin_24k/bho_f/IISc_SYSPINProject_bho_f_POLI_02491.wav|निरंकुश राज्य के सिद्धान्त पर सबसे पूछ के अन्तर दिखला|4.100|bho_f|IISc_SYSPINProject_bho_f_POLI_02491|POLITICS
data/processed/syspin_24k/bho_f/IISc_SYSPINProject_bho_f_POLI_02564.wav|भारत के आदिवासी मामिला के मंत्री अर्जुन मुंडा हउवें|3.760|bho_f|IISc_SYSPINProject_bho_f_POLI_02564|POLITICS
data/processed/syspin_24k/bho_f/IISc_SYSPINProject_bho_f_POLI_02566.wav|कहल जाला की बॉलीवुड क मशहूर फिल्म क्रांति के बनाव में मनोज कुमार आपन सब कुछ बेच देले रहलन|7.350|bho_f|IISc_SYSPINProject_bho_f_POLI_02566|POLITICS
data/processed/syspin_24k/bho_f/IISc_SYSPINProject_bho_f_POLI_02568.wav|बुर्जुआ क्रांति कम से अधिक धनवान श्रेणी के कहल जाला|3.980|bho_f|IISc_SYSPINProject_bho_f_POLI_02568|POLITICS
data/processed/syspin_24k/bho_f/IISc_SYSPINProject_bho_f_POLI_02691.wav|भारत क सांस्कृतिक व्यवस्था में आध्यात्म अउर भौतिकता क समन्वय बा|4.540|bho_f|IISc_SYSPINProject_bho_f_POLI_02691|POLITICS
data/processed/syspin_24k/bho_f/IISc_SYSPINProject_bho_f_POLI_02717.wav|राजशाही क आलोचना कउनो हसी खेल क काम नाहीं रहल जान भी देव के पड़जात रहल|6.340|bho_f|IISc_SYSPINProject_bho_f_POLI_02717|POLITICS
data/processed/syspin_24k/bho_f/IISc_SYSPINProject_bho_f_POLI_02886.wav|निरंकुश नियम सरकार उ जगह पर निरंकुश नियम लगावला जहाँ से ओके कओनो फायदा नाहीं होला|6.880|bho_f|IISc_SYSPINProject_bho_f_POLI_02886|POLITICS
data/processed/syspin_24k/bho_f/IISc_SYSPINProject_bho_f_POLI_03093.wav|लेजर बम क उपयोग कयल युध्द में अपराध हव|3.450|bho_f|IISc_SYSPINProject_bho_f_POLI_03093|POLITICS
data/processed/syspin_24k/bho_f/IISc_SYSPINProject_bho_f_POLI_03112.wav|पृथ्वी विज्ञान मंत्रालय क काम समुद्री जीवित निर्जीव संसाधन क पता लगावल भी बा|5.900|bho_f|IISc_SYSPINProject_bho_f_POLI_03112|POLITICS
data/processed/syspin_24k/bho_f/IISc_SYSPINProject_bho_f_POLI_03288.wav|लोगन क लोकतांत्रिक तानाशाही अवधारणा में अईसन ह की सरकार के पूंजीपति वर्ग क तानाशाही में ढहे से बदे पार्टी द्वारा तानाशाही जरुरी ह|11.180|bho_f|IISc_SYSPINProject_bho_f_POLI_03288|POLITICS
data/processed/syspin_24k/bho_f/IISc_SYSPINProject_bho_f_POLI_03316.wav|भारत सरकार के तीन ठे मुख्य अंग हयन ला न्यायपालिका, कार्यपालिका आउर विधायिका।|5.760|bho_f|IISc_SYSPINProject_bho_f_POLI_03316|POLITICS
data/processed/syspin_24k/bho_f/IISc_SYSPINProject_bho_f_POLI_03396.wav|चीनि गणराज्य में गाँव टाउनशिप या काउंटी प्रशासित शहर के भीतर के बिभाजन हव|5.840|bho_f|IISc_SYSPINProject_bho_f_POLI_03396|POLITICS
data/processed/syspin_24k/bho_f/IISc_SYSPINProject_bho_f_SOCI_00057.wav|राष्ट्रपति पुतिन आउर राष्ट्रपति जेलेंस्की के इंगो के कारण रूस यूक्रेन क युद्ध समाप्त नाहीं भयल हव इहो वर्तमान घटना|8.720|bho_f|IISc_SYSPINProject_bho_f_SOCI_00057|SOCIAL
data/processed/syspin_24k/bho_f/IISc_SYSPINProject_bho_f_SOCI_00081.wav|भारत के लौह पुरुष सरदार बल्लभ भाई पटेल के मूर्ति के भारत सरकार स्टैचू ऑफ यूनिटी क नाम देहलस|6.980|bho_f|IISc_SYSPINProject_bho_f_SOCI_00081|SOCIAL
data/processed/syspin_24k/bho_f/IISc_SYSPINProject_bho_f_SOCI_00132.wav|समय श्रृंखला क चार्ट वाई एक्सिस एक्स एक्सिस क्षैतिज आउर खड़ा के समय आउर नाप वाला पटरी से देखावल जाला|8.278|bho_f|IISc_SYSPINProject_bho_f_SOCI_00132|SOCIAL
data/processed/syspin_24k/bho_f/IISc_SYSPINProject_bho_f_SOCI_00200.wav|भाषा विज्ञान क आरम्भ सन सत्तरह सौ छियासी में विलियम जोन्स कईले रहलन|5.080|bho_f|IISc_SYSPINProject_bho_f_SOCI_00200|SOCIAL
data/processed/syspin_24k/bho_f/IISc_SYSPINProject_bho_f_SOCI_00226.wav|व्यापार सिद्धांतकार क सूची, वारेन बेनिस, ब्योर्न बर्जके, चार्ल्स बेसानक्वेट आदि|6.640|bho_f|IISc_SYSPINProject_bho_f_SOCI_00226|SOCIAL
data/processed/syspin_24k/bho_f/IISc_SYSPINProject_bho_f_SOCI_00523.wav|राजनीतिक विज्ञान के इतिहास में अरस्तू क बुध्दीवाद बहुत व्याख्या बहुत अच्छे से लिखल हव|5.977|bho_f|IISc_SYSPINProject_bho_f_SOCI_00523|SOCIAL
data/processed/syspin_24k/bho_f/IISc_SYSPINProject_bho_f_SOCI_00530.wav|लैंगिक अध्ययन क क्षेत्र अब क्वीयर स्टडीज अउर मेन्स स्टडीज के साथे ओवरलैप हो गयल हव|6.333|bho_f|IISc_SYSPINProject_bho_f_SOCI_00530|SOCIAL
data/processed/syspin_24k/bho_f/IISc_SYSPINProject_bho_f_SOCI_00631.wav|प्रयोगिक मानोविज्ञान, वुंड्ट, लीपज़िग, जर्मनी में पहिला मनोविज्ञान प्रयोगशाला क स्थापना कइलन|6.830|bho_f|IISc_SYSPINProject_bho_f_SOCI_00631|SOCIAL
data/processed/syspin_24k/bho_f/IISc_SYSPINProject_bho_f_SOCI_00657.wav|मानवकी में पी.डी.एफ करै खातिर अंग्रेजी पढ़ैय क पड़ी|3.560|bho_f|IISc_SYSPINProject_bho_f_SOCI_00657|SOCIAL
data/processed/syspin_24k/bho_f/IISc_SYSPINProject_bho_f_SOCI_00764.wav|विकासात्मक मनोविज्ञान के सूची में मार्था डब्ल्यू, लुईस बेट्स एम् व जेफ्री अर्नेट आवेलन|7.337|bho_f|IISc_SYSPINProject_bho_f_SOCI_00764|SOCIAL
data/processed/syspin_24k/bho_f/IISc_SYSPINProject_bho_f_SOCI_00793.wav|आज बईठल घर में ऑनलाइन कारत बाटी ई सब संचार से ही संभव भयल|4.800|bho_f|IISc_SYSPINProject_bho_f_SOCI_00793|SOCIAL
data/processed/syspin_24k/bho_f/IISc_SYSPINProject_bho_f_SOCI_00838.wav|मिखाइल बकुनिन जोसेफ प्राउडॉन बेंजामिन टकर समाजवादी तथा अर्थशास्त्री के सूची में शामिल हवन|7.444|bho_f|IISc_SYSPINProject_bho_f_SOCI_00838|SOCIAL
data/processed/syspin_24k/bho_f/IISc_SYSPINProject_bho_f_SOCI_00850.wav|व्यापार सिद्धांतकार चेस्टर बरनार्ड, चार्ल्स बेडॉक्स, रिचर्ड बोयात्ज़िस, हैरी एंसन फिनी, ज्योफ मीक्स अउर भी ह|8.940|bho_f|IISc_SYSPINProject_bho_f_SOCI_00850|SOCIAL
data/processed/syspin_24k/bho_f/IISc_SYSPINProject_bho_f_SOCI_01168.wav|सामाजिक रिश्ते में दू से अधिक लोग के बीच कवनो स्वैच्छिक या अनैच्छिक संबंध के वर्णन करल जाला|6.613|bho_f|IISc_SYSPINProject_bho_f_SOCI_01168|SOCIAL
data/processed/syspin_24k/bho_f/IISc_SYSPINProject_bho_f_SOCI_01238.wav|विकास मूलक मनोविज्ञान में जन्म से लेकर मृत्यु तक अध्ययन करल जाला|5.193|bho_f|IISc_SYSPINProject_bho_f_SOCI_01238|SOCIAL
data/processed/syspin_24k/bho_f/IISc_SYSPINProject_bho_f_SOCI_01355.wav|लोक वित्त के दापर्र तीन गुना मानल जाला.|3.020|bho_f|IISc_SYSPINProject_bho_f_SOCI_01355|SOCIAL
data/processed/syspin_24k/bho_f/IISc_SYSPINProject_bho_f_SOCI_01357.wav|आपन डिवाइस मतलब मोबाइल या फिर कंम्पयूटर कवनो डाटा फाइल के इन्टरनेट पर भेजल जाला|5.740|bho_f|IISc_SYSPINProject_bho_f_SOCI_01357|SOCIAL
data/processed/syspin_24k/bho_f/IISc_SYSPINProject_bho_f_SOCI_01384.wav|सन् उन्नीस सौ तेरह में रवीन्द्रनाथ टैगोर के साहित्य एकेडमी अवार्ड काहें मिलल रहल|5.420|bho_f|IISc_SYSPINProject_bho_f_SOCI_01384|SOCIAL
data/processed/syspin_24k/bho_f/IISc_SYSPINProject_bho_f_SOCI_01487.wav|अरब कॉफ़ीहाउस फ्रांसीसी दृश्य कलाकार हेनरी मैटिस द्वारा एक ठो तेल पे कैनवास पेंटिंग हव|6.920|bho_f|IISc_SYSPINProject_bho_f_SOCI_01487|SOCIAL
data/processed/syspin_24k/bho_f/IISc_SYSPINProject_bho_f_SOCI_01552.wav|तान्त्रिका भाषा विज्ञान में शरीर क हर नश क जानकारी हमनी के लिए बहुत अच्छा होखेला|6.320|bho_f|IISc_SYSPINProject_bho_f_SOCI_01552|SOCIAL
data/processed/syspin_24k/bho_f/IISc_SYSPINProject_bho_f_SOCI_01647.wav|विपणन मिश्रण उत्पाद के बारीकिया के रेखांकित करला.|3.780|bho_f|IISc_SYSPINProject_bho_f_SOCI_01647|SOCIAL
data/processed/syspin_24k/bho_f/IISc_SYSPINProject_bho_f_SOCI_01656.wav|पूरे ब्रह्मांड के स्थानिक आकार अज्ञात हवे देखने योग्य ब्रह्मांड के आकार के मापना संभव हवे|6.860|bho_f|IISc_SYSPINProject_bho_f_SOCI_01656|SOCIAL
data/processed/syspin_24k/bho_f/IISc_SYSPINProject_bho_f_SOCI_01693.wav|बच्चों क भौगोलिक स्थिति अच्छा बनाव बदे अभई से ही शिक्षा देव के चाहि|4.820|bho_f|IISc_SYSPINProject_bho_f_SOCI_01693|SOCIAL
data/processed/syspin_24k/bho_f/IISc_SYSPINProject_bho_f_SOCI_01729.wav|संज्ञानात्मक भाषाविज्ञान के पैदावार सन् उन्नीस सौं सत्तर के लगभग भयल रहल|5.340|bho_f|IISc_SYSPINProject_bho_f_SOCI_01729|SOCIAL
data/processed/syspin_24k/bho_f/IISc_SYSPINProject_bho_f_SOCI_01731.wav|विकिपीडिया आज क समय में बहुत ज्ञानवर्धक साईट बा|3.560|bho_f|IISc_SYSPINProject_bho_f_SOCI_01731|SOCIAL
data/processed/syspin_24k/bho_f/IISc_SYSPINProject_bho_f_SOCI_01736.wav|खेल सिद्धांत कूटनीतिक परिस्थिति में व्यवहार के बूझे के प्रयास करेला|4.580|bho_f|IISc_SYSPINProject_bho_f_SOCI_01736|SOCIAL
data/processed/syspin_24k/bho_f/IISc_SYSPINProject_bho_f_SOCI_01742.wav|भूगोल शास्त्रियों क सूची मे ज़ोनिया बाबर ,कार्ल अर्न्स्ट वॉन बेयर ,रॉबर्ट बेली ,थॉमस बेली|6.930|bho_f|IISc_SYSPINProject_bho_f_SOCI_01742|SOCIAL
data/processed/syspin_24k/bho_f/IISc_SYSPINProject_bho_f_SOCI_01757.wav|नारीवादी अर्थशास्त्र क सपोर्ट कर बदे नारी मोर्चा निकालल जाला|4.620|bho_f|IISc_SYSPINProject_bho_f_SOCI_01757|SOCIAL
data/processed/syspin_24k/bho_f/IISc_SYSPINProject_bho_f_SOCI_01814.wav|विज्ञान के दर्शन विधियन के स्पष्टीकरण अउर विश्लेषण दे सकेला|4.332|bho_f|IISc_SYSPINProject_bho_f_SOCI_01814|SOCIAL
data/processed/syspin_24k/bho_f/IISc_SYSPINProject_bho_f_SOCI_01913.wav|अठारह सौ छह् में, वेबस्टर आपन पहिला शब्दकोश प्रकाशित कइलन, अंग्रेजी भाषा क एकठे संक्षिप्त शब्दकोश|7.360|bho_f|IISc_SYSPINProject_bho_f_SOCI_01913|SOCIAL
data/processed/syspin_24k/bho_f/IISc_SYSPINProject_bho_f_SOCI_02024.wav|चित्रकारी में पेंसिल पेन चाक रंगीन रंग ब्रॉस आदि क जरूरत होला|5.530|bho_f|IISc_SYSPINProject_bho_f_SOCI_02024|SOCIAL
data/processed/syspin_24k/bho_f/IISc_SYSPINProject_bho_f_SOCI_02052.wav|मन क दर्शन कबीर के साखी में खूब होला|2.920|bho_f|IISc_SYSPINProject_bho_f_SOCI_02052|SOCIAL
data/processed/syspin_24k/bho_f/IISc_SYSPINProject_bho_f_SOCI_02071.wav|हमने के बुखार खाली कोरोना में ही नाहीं आव ला बल्कि मौसम में बदलाव के कारण भी आव ला|5.800|bho_f|IISc_SYSPINProject_bho_f_SOCI_02071|SOCIAL
data/processed/syspin_24k/bho_f/IISc_SYSPINProject_bho_f_SOCI_02146.wav|जैव मनोविज्ञान आनुवांशिक अध्ययन में जीव बिज्ञान के सिद्धांत के लागू कइल हवे|5.480|bho_f|IISc_SYSPINProject_bho_f_SOCI_02146|SOCIAL
data/processed/syspin_24k/bho_f/IISc_SYSPINProject_bho_f_SOCI_02213.wav|हरबर्ट बैक्सटर एडम्स के इतिहास पढ़ावे के दौरान राजनीति विज्ञान वाक्यांश के गढ़े के श्रेय दिहल जाला|7.260|bho_f|IISc_SYSPINProject_bho_f_SOCI_02213|SOCIAL
data/processed/syspin_24k/bho_f/IISc_SYSPINProject_bho_f_SOCI_02254.wav|व्यष्टि अर्थशास्त्र के प्राइस थ्योरी के रूप में भी कहल जाला|3.820|bho_f|IISc_SYSPINProject_bho_f_SOCI_02254|SOCIAL
data/processed/syspin_24k/bho_f/IISc_SYSPINProject_bho_f_SOCI_02261.wav|ज्ञान क तथ्य क बारे में जागरूक या व्यावहारिक कौशल क रूप में परिभाषित कयल जा सकेला|5.960|bho_f|IISc_SYSPINProject_bho_f_SOCI_02261|SOCIAL
data/processed/syspin_24k/bho_f/IISc_SYSPINProject_bho_f_SOCI_02293.wav|दृश्य कला क तीन रुप हो ला पेंटिंग ,मुर्ती कला , वास्तुकला इ बहुत विशेष बा|5.707|bho_f|IISc_SYSPINProject_bho_f_SOCI_02293|SOCIAL
data/processed/syspin_24k/bho_f/IISc_SYSPINProject_bho_f_SOCI_02307.wav|विकासवादी मनोविज्ञान के क्षेत्र में कुछ खोजकरता इ मुद्दा के बहुत रोचक तरीका से अध्ययन करलन|6.520|bho_f|IISc_SYSPINProject_bho_f_SOCI_02307|SOCIAL
data/processed/syspin_24k/bho_f/IISc_SYSPINProject_bho_f_SOCI_02454.wav|वाणिज्य में उत्पादक से वस्तु ले के उपभोक्ता तक पहुंचाए तक के क्रिया के शामिल कइल जाला|5.730|bho_f|IISc_SYSPINProject_bho_f_SOCI_02454|SOCIAL
data/processed/syspin_24k/bho_f/IISc_SYSPINProject_bho_f_SOCI_02486.wav|अभिकलन भाषाविज्ञान, जोकी प्राकृतिक भाषा के नियम आधारित अऊर ई सांख्यिकीय मॉडलिंग से सम्बन्धित ह|6.880|bho_f|IISc_SYSPINProject_bho_f_SOCI_02486|SOCIAL
data/processed/syspin_24k/bho_f/IISc_SYSPINProject_bho_f_SOCI_02551.wav|विपणन आमतौर पे विक्रेता द्वारा करल जाला आमतौर पे एक ठो खुदरा विक्रेता या निर्माता हवे|6.540|bho_f|IISc_SYSPINProject_bho_f_SOCI_02551|SOCIAL
data/processed/syspin_24k/bho_f/IISc_SYSPINProject_bho_f_SOCI_02643.wav|संपादन के यू ट्यूब से भी आसानी से सिखल जा सकेला|3.591|bho_f|IISc_SYSPINProject_bho_f_SOCI_02643|SOCIAL
data/processed/syspin_24k/bho_f/IISc_SYSPINProject_bho_f_SOCI_02649.wav|भाषा के इतिहास आउर अलग अलग भाषा के कउने विशेषता पर बाटल गयल रहल लिंगविस्टिक टाइपोलॉजी में आवला|7.360|bho_f|IISc_SYSPINProject_bho_f_SOCI_02649|SOCIAL
data/processed/syspin_24k/bho_f/IISc_SYSPINProject_bho_f_SOCI_02680.wav|चित्रकारी क पत्ताचित्र शैली उड़ीसा क सबसे पुराना आउर सबसे लोकप्रिय कला मानल जाला|6.490|bho_f|IISc_SYSPINProject_bho_f_SOCI_02680|SOCIAL
data/processed/syspin_24k/bho_f/IISc_SYSPINProject_bho_f_SOCI_02689.wav|सिस्टर प्रोजेक्ट्स एक खे अइसन मंच भी ह जहाँ प्रवासी महिला आपन कला, शिल्प बेच सकेली|6.360|bho_f|IISc_SYSPINProject_bho_f_SOCI_02689|SOCIAL
data/processed/syspin_24k/bho_f/IISc_SYSPINProject_bho_f_SOCI_02708.wav|हिंदी साहित्य के इतिहास के कई काल में विभाजित करल गयल हव|4.026|bho_f|IISc_SYSPINProject_bho_f_SOCI_02708|SOCIAL
data/processed/syspin_24k/bho_f/IISc_SYSPINProject_bho_f_SOCI_02710.wav|विज्ञान क दर्शन क इतिहास पच्छिमी दुनिया में पुराना ग्रीक के दार्शनिकन से शुरू भयल रहल|5.930|bho_f|IISc_SYSPINProject_bho_f_SOCI_02710|SOCIAL
data/processed/syspin_24k/bho_f/IISc_SYSPINProject_bho_f_SOCI_02762.wav|औद्योगिक संगठन के नाते क्रेता के हमेशा हमेशा घाटा लग ला|4.180|bho_f|IISc_SYSPINProject_bho_f_SOCI_02762|SOCIAL
data/processed/syspin_24k/bho_f/IISc_SYSPINProject_bho_f_SOCI_02773.wav|स्पीच एंड लैंग्वेज पैथोलॉजी के एगो संबद्ध स्वास्थ्य पेशा मानल जाला|4.528|bho_f|IISc_SYSPINProject_bho_f_SOCI_02773|SOCIAL
data/processed/syspin_24k/bho_f/IISc_SYSPINProject_bho_f_SOCI_02858.wav|इंस्टिट्यूट सामाजिक विज्ञान प्राकृतिक विज्ञान क अतिरिक्त अन्य विषय क एक सामूहिक|5.580|bho_f|IISc_SYSPINProject_bho_f_SOCI_02858|SOCIAL
data/processed/syspin_24k/bho_f/IISc_SYSPINProject_bho_f_SOCI_02996.wav|प्रबन्धकीय अर्थशास्त्र से आर्थिक सिद्धान्त अउर प्रवृधी के बारे में पता चलेला|5.590|bho_f|IISc_SYSPINProject_bho_f_SOCI_02996|SOCIAL
data/processed/syspin_24k/bho_f/IISc_SYSPINProject_bho_f_SOCI_03163.wav|अर्थशास्त्र के इतिहास में कौटिल्य अउर चाणक्य क नाम बहुत प्रसिद्ध ह|4.520|bho_f|IISc_SYSPINProject_bho_f_SOCI_03163|SOCIAL
data/processed/syspin_24k/bho_f/IISc_SYSPINProject_bho_f_SOCI_03219.wav|तंत्रिका मनोविज्ञान क आपरेशन डाक्टर साहब बढी आराम से करलन|4.460|bho_f|IISc_SYSPINProject_bho_f_SOCI_03219|SOCIAL
data/processed/syspin_24k/bho_f/IISc_SYSPINProject_bho_f_SOCI_03298.wav|भू-आकृति विज्ञान में धरती के ऊपरी जमीन या स्थलमंडल क अदमीन के साथे संबंध क अध्ययन करल जाला|7.580|bho_f|IISc_SYSPINProject_bho_f_SOCI_03298|SOCIAL
data/processed/syspin_24k/bho_f/IISc_SYSPINProject_bho_f_SOCI_03304.wav|बोली विध मे आमतौर पर अध्ययन के अवधारण मे भाषा अउर बोलि के परिभाषित करे मे शामिल होला|6.583|bho_f|IISc_SYSPINProject_bho_f_SOCI_03304|SOCIAL
data/processed/syspin_24k/bho_f/IISc_SYSPINProject_bho_f_SOCI_03405.wav|व्यावसायिक अर्थशास्त्र के बारे में तोहके केहू बिजनस वाला ही दे सकेला|4.800|bho_f|IISc_SYSPINProject_bho_f_SOCI_03405|SOCIAL
data/processed/syspin_24k/bho_f/IISc_SYSPINProject_bho_f_SOCI_03447.wav|ध्वनि विज्ञान भाषा विज्ञान क एकठो शाखा ह जे ध्वनियों के व्यवस्थित अध्ययन करेला|5.540|bho_f|IISc_SYSPINProject_bho_f_SOCI_03447|SOCIAL
data/processed/syspin_24k/bho_f/IISc_SYSPINProject_bho_f_SOCI_03530.wav|भू राजनीति दूसरे देश के राजनिति से दूसरे देश के भुगोल से संबंधित होला|5.280|bho_f|IISc_SYSPINProject_bho_f_SOCI_03530|SOCIAL
data/processed/syspin_24k/bho_f/IISc_SYSPINProject_bho_f_SPOR_00076.wav|टिट्टिभासन अष्टांग विन्यास योग में एकठे मध्यवर्ती स्तर क आसन हव|4.860|bho_f|IISc_SYSPINProject_bho_f_SPOR_00076|SPORTS
data/processed/syspin_24k/bho_f/IISc_SYSPINProject_bho_f_SPOR_00101.wav|टॉम ब्रैडी क पूरा नाम ह थॉमस एडवर्ड पैट्रिक ब्रैडी जूनियर इनकर जनम तीन अगस्त उनइस सौ सतहत्तर में भयल रहल|8.260|bho_f|IISc_SYSPINProject_bho_f_SPOR_00101|SPORTS
data/processed/syspin_24k/bho_f/IISc_SYSPINProject_bho_f_SPOR_00150.wav|पूरक अहार कई ठे तरह क होला जइसे अमीनो अम्ल ऊर्जामय पेय उर्जाबार फैटी अम्ल खनिज अउरो ढेर ह|8.225|bho_f|IISc_SYSPINProject_bho_f_SPOR_00150|SPORTS
data/processed/syspin_24k/bho_f/IISc_SYSPINProject_bho_f_SPOR_00358.wav|इंदौर स्पोर्ट्स स्टेडियम के होल्कर स्टेडियम भी कहल जाला|3.432|bho_f|IISc_SYSPINProject_bho_f_SPOR_00358|SPORTS
data/processed/syspin_24k/bho_f/IISc_SYSPINProject_bho_f_SPOR_00393.wav|एकठे नौका या नौकायन बिजली पोत हव जवन आनंद, परिभ्रमण या रेसिंग के बदे उपयोग कइल जाला|7.500|bho_f|IISc_SYSPINProject_bho_f_SPOR_00393|SPORTS
data/processed/syspin_24k/bho_f/IISc_SYSPINProject_bho_f_SPOR_00448.wav|खिलाड़ी क सामाजिक विकास उनके व्यवहार अउर काम से अच्छा होला|4.320|bho_f|IISc_SYSPINProject_bho_f_SPOR_00448|SPORTS
data/processed/syspin_24k/bho_f/IISc_SYSPINProject_bho_f_SPOR_00462.wav|खेलाड़ी क कुछ कुछ टेक्नीक ओनकर सीक्रेट होला|3.340|bho_f|IISc_SYSPINProject_bho_f_SPOR_00462|SPORTS
data/processed/syspin_24k/bho_f/IISc_SYSPINProject_bho_f_SPOR_00475.wav|चार साल के अंतराल पर कन्नुम पोंगल पर रेक्ला रेस होला जवने में बैलगाड़ी दउड़ होला|6.773|bho_f|IISc_SYSPINProject_bho_f_SPOR_00475|SPORTS
data/processed/syspin_24k/bho_f/IISc_SYSPINProject_bho_f_SPOR_00487.wav|टेबल टेनिस फेडरेशन ऑफ इंडिया क अध्यक्ष बनलन दुष्यंत कहलन खेल के दिवाईब प्रसिद्धि|6.880|bho_f|IISc_SYSPINProject_bho_f_SPOR_00487|SPORTS
data/processed/syspin_24k/bho_f/IISc_SYSPINProject_bho_f_SPOR_00645.wav|राष्ट्रीय खेल प्रोत्साहन पुरस्कार शुरू करके सरकार खिलाड़ियों क हौसला बढौले बा|5.540|bho_f|IISc_SYSPINProject_bho_f_SPOR_00645|SPORTS
data/processed/syspin_24k/bho_f/IISc_SYSPINProject_bho_f_SPOR_00666.wav|वृश्चिकासन के गंडा भेरुंडासन कहल जाला|3.600|bho_f|IISc_SYSPINProject_bho_f_SPOR_00666|SPORTS
data/processed/syspin_24k/bho_f/IISc_SYSPINProject_bho_f_SPOR_00688.wav|स्नॉर्कलिंग आमतौर पर स्विमफिन्स से सुसज्जित पानी क शरीर पर या ओकरे माध्यम से तैरने क अभ्यास ह|7.700|bho_f|IISc_SYSPINProject_bho_f_SPOR_00688|SPORTS
data/processed/syspin_24k/bho_f/IISc_SYSPINProject_bho_f_SPOR_00838.wav|एकरे अलावा उत्तराखंड में बोलचाल क प्रमुख भाषा ब्रजभाषा गढ़वाली कुमाउँनी हईन|6.500|bho_f|IISc_SYSPINProject_bho_f_SPOR_00838|SPORTS
data/processed/syspin_24k/bho_f/IISc_SYSPINProject_bho_f_SPOR_00845.wav|कुक्कुटासन, पद्मासन से व्युत्पन्न हव, ई बिना बईठले करे जाए वाला सबसे पुरान आसनन में से एकठे हव|7.420|bho_f|IISc_SYSPINProject_bho_f_SPOR_00845|SPORTS
data/processed/syspin_24k/bho_f/IISc_SYSPINProject_bho_f_SPOR_00974.wav|तायक्वोंडो क शाब्दिक अनुवाद किकिंग, पंचिंग अउर कला या तरीका हव|4.721|bho_f|IISc_SYSPINProject_bho_f_SPOR_00974|SPORTS
data/processed/syspin_24k/bho_f/IISc_SYSPINProject_bho_f_SPOR_00979.wav|थ्री.डी गेम ग्राफिक्स वाला एक वीडियो गेम हव जेकर गणना तीन दिशात्मक आयामो में करल जाला|6.500|bho_f|IISc_SYSPINProject_bho_f_SPOR_00979|SPORTS
data/processed/syspin_24k/bho_f/IISc_SYSPINProject_bho_f_SPOR_00989.wav|भारत क ईसाई अकादमी पुरस्कार क केविन ड्यूरेंट हकदार हयन ला|4.920|bho_f|IISc_SYSPINProject_bho_f_SPOR_00989|SPORTS
data/processed/syspin_24k/bho_f/IISc_SYSPINProject_bho_f_SPOR_01001.wav|सुप्ता पददा गुस्थानासना से कूल्ह आउर घुटना में गठिया के दर्द से राहत मिलेला.|6.312|bho_f|IISc_SYSPINProject_bho_f_SPOR_01001|SPORTS
data/processed/syspin_24k/bho_f/IISc_SYSPINProject_bho_f_SPOR_01055.wav|महिला क चार बाई चार सौ रैली जीते में ज्योति क टीम पाँचवे स्थान पर रहल|5.236|bho_f|IISc_SYSPINProject_bho_f_SPOR_01055|SPORTS
data/processed/syspin_24k/bho_f/IISc_SYSPINProject_bho_f_SPOR_01173.wav|जलिकट्टू क चूरन पतंजलि के दुकानी पर बेचाला जेकर दाम बहुत महगा होला|5.420|bho_f|IISc_SYSPINProject_bho_f_SPOR_01173|SPORTS
data/processed/syspin_24k/bho_f/IISc_SYSPINProject_bho_f_SPOR_01199.wav|पतंग उड़ावल भारत के सबसे पुरान परब में से एगो मकर संक्रांति के गुजरात में उत्तरायण के नाम से जानल जाला|8.100|bho_f|IISc_SYSPINProject_bho_f_SPOR_01199|SPORTS
data/processed/syspin_24k/bho_f/IISc_SYSPINProject_bho_f_SPOR_01276.wav|फीफा रैंकिंग में उनइस सौ छियासी के बाद पहिला स्थान पर अर्जेन्टीना देश ह|5.340|bho_f|IISc_SYSPINProject_bho_f_SPOR_01276|SPORTS
data/processed/syspin_24k/bho_f/IISc_SYSPINProject_bho_f_SPOR_01378.wav|लयबद्ध तैराकी या कलात्मक तैराकी एगो अईसन खेल हव जहाँ तैराक लोग सिंक्रनाइज्ड कोरियोग्राफी के तहत तैरलें|8.180|bho_f|IISc_SYSPINProject_bho_f_SPOR_01378|SPORTS
data/processed/syspin_24k/bho_f/IISc_SYSPINProject_bho_f_SPOR_01381.wav|गोताखोरी एक मंच या स्प्रिंगबोर्ड से पानी में कूदने या गिरने क खेल ह|5.640|bho_f|IISc_SYSPINProject_bho_f_SPOR_01381|SPORTS
data/processed/syspin_24k/bho_f/IISc_SYSPINProject_bho_f_SPOR_01406.wav|खेल लेखक हर प्रकार के खेल के बारे में लिखेलन|3.460|bho_f|IISc_SYSPINProject_bho_f_SPOR_01406|SPORTS
data/processed/syspin_24k/bho_f/IISc_SYSPINProject_bho_f_SPOR_01454.wav|परिघासन शरीर के सामने हिप फ्लेक्सर्स मजबूत हो जाला|4.270|bho_f|IISc_SYSPINProject_bho_f_SPOR_01454|SPORTS
data/processed/syspin_24k/bho_f/IISc_SYSPINProject_bho_f_SPOR_01510.wav|मिश्रित मार्शल शब्द क पहिला इस्तेमाल हावर्ड रोसेनबर्ग द्वारा करल गयल|5.308|bho_f|IISc_SYSPINProject_bho_f_SPOR_01510|SPORTS
data/processed/syspin_24k/bho_f/IISc_SYSPINProject_bho_f_SPOR_01567.wav|दू हजार अठ्ठार एशियाई खेल मे पुल पुरुष के टीम मे बहुत लोग रहलन जईसे लू चून चाउ, डेसमंड ओह|8.020|bho_f|IISc_SYSPINProject_bho_f_SPOR_01567|SPORTS
data/processed/syspin_24k/bho_f/IISc_SYSPINProject_bho_f_SPOR_01607.wav|एफ.डी.ए तईयार आहार पूरक उत्पादन अउर आहार सामग्री दुन्नो के नियंत्रित करत हव|5.680|bho_f|IISc_SYSPINProject_bho_f_SPOR_01607|SPORTS
data/processed/syspin_24k/bho_f/IISc_SYSPINProject_bho_f_SPOR_01611.wav|क्रौन्चासन योगा एक प्राचीन योग मुद्रा हव जेके शांति बदे अभ्यास करल जाला|5.600|bho_f|IISc_SYSPINProject_bho_f_SPOR_01611|SPORTS
data/processed/syspin_24k/bho_f/IISc_SYSPINProject_bho_f_SPOR_01658.wav|चउदहवें एशियाई खेल ओनतीस दिसंबर से चउदा अक्टूबर दू हजार दू के बीच दक्षिण कोरिया में भयल रहल|7.540|bho_f|IISc_SYSPINProject_bho_f_SPOR_01658|SPORTS
data/processed/syspin_24k/bho_f/IISc_SYSPINProject_bho_f_SPOR_01671.wav|योग शब्द क जोड़ ह संस्कृत शब्द यूज जेकर मतलब होला बान्हब या जुड़ब|6.140|bho_f|IISc_SYSPINProject_bho_f_SPOR_01671|SPORTS
data/processed/syspin_24k/bho_f/IISc_SYSPINProject_bho_f_SPOR_01857.wav|चार सौ मीटर बाधा दौड़ एगो ट्रैक एंड फील्ड हर्लिंग इवेंट ह|4.700|bho_f|IISc_SYSPINProject_bho_f_SPOR_01857|SPORTS
data/processed/syspin_24k/bho_f/IISc_SYSPINProject_bho_f_SPOR_01888.wav|दीपा कर्माकर, त्रिपुरा राज्य क एकठे भारतीय जिम्नास्ट हईं|3.856|bho_f|IISc_SYSPINProject_bho_f_SPOR_01888|SPORTS
data/processed/syspin_24k/bho_f/IISc_SYSPINProject_bho_f_SPOR_02025.wav|ईशा कोपिकर हिन्दी फ़िल्म क एक अभिनेत्री हई|3.100|bho_f|IISc_SYSPINProject_bho_f_SPOR_02025|SPORTS
data/processed/syspin_24k/bho_f/IISc_SYSPINProject_bho_f_SPOR_02120.wav|एथेंस शहर ग्रीक देशवा क राजधानी भी रहल|3.360|bho_f|IISc_SYSPINProject_bho_f_SPOR_02120|SPORTS
data/processed/syspin_24k/bho_f/IISc_SYSPINProject_bho_f_SPOR_02252.wav|सिंगल लेग डेडलिफ्ट्स के लेख मे भारतीय क्रिकेट क चरचा हवला|4.890|bho_f|IISc_SYSPINProject_bho_f_SPOR_02252|SPORTS
data/processed/syspin_24k/bho_f/IISc_SYSPINProject_bho_f_SPOR_02320.wav|फ्लेक्सिबिलिटी सबसे ढेर योगा अउर जिम्नास्टिक्स वाले खिलाड़ियन में ही होला|4.840|bho_f|IISc_SYSPINProject_bho_f_SPOR_02320|SPORTS
data/processed/syspin_24k/bho_f/IISc_SYSPINProject_bho_f_SPOR_02327.wav|आई.सी.सी वर्ल्ड ट्वेंटी ट्वेंटी केवल वेस्ट इंडीज अउर इंग्लैंड कईठे मौकन पर टूर्नामेंट जीतल हव|6.120|bho_f|IISc_SYSPINProject_bho_f_SPOR_02327|SPORTS
data/processed/syspin_24k/bho_f/IISc_SYSPINProject_bho_f_SPOR_02382.wav|मैक्रो न्यूट्रिएंट्स यानी उ पोषक तत्व जेकर हमके ज्यादा मात्रा में जरूरत होला|5.500|bho_f|IISc_SYSPINProject_bho_f_SPOR_02382|SPORTS
data/processed/syspin_24k/bho_f/IISc_SYSPINProject_bho_f_SPOR_02456.wav|घुड़सवारी खेल, घोड़ा क पीठ पर सवार होवे या घोड़ा द्वारा खींचल जाए वाला कौनो प्रकार क वाहन क खींचे क रूप हव|8.200|bho_f|IISc_SYSPINProject_bho_f_SPOR_02456|SPORTS
data/processed/syspin_24k/bho_f/IISc_SYSPINProject_bho_f_SPOR_02505.wav|बैडमिंटन क रैकेट के एकठे सहज अउर हल्का उपकरण के तौर पर तैयार कईल जात हव|5.580|bho_f|IISc_SYSPINProject_bho_f_SPOR_02505|SPORTS
data/processed/syspin_24k/bho_f/IISc_SYSPINProject_bho_f_SPOR_02508.wav|भारत एशियाई रोइंग खेल में नीदरलैंड्स के हरा के दू पदक जीत लेलस|5.060|bho_f|IISc_SYSPINProject_bho_f_SPOR_02508|SPORTS
data/processed/syspin_24k/bho_f/IISc_SYSPINProject_bho_f_SPOR_02617.wav|कल्पना फैंटेसी सट्टा कथा के एक शैली होला अउर जादुई तत्व शामिल रहला.|6.060|bho_f|IISc_SYSPINProject_bho_f_SPOR_02617|SPORTS
data/processed/syspin_24k/bho_f/IISc_SYSPINProject_bho_f_SPOR_02663.wav|शिवनरेश भारत क आपन खेल माल क ब्रांड हव|3.480|bho_f|IISc_SYSPINProject_bho_f_SPOR_02663|SPORTS
data/processed/syspin_24k/bho_f/IISc_SYSPINProject_bho_f_SPOR_02771.wav|आंध्र प्रदेश क राजधानी अमरावती हव|2.660|bho_f|IISc_SYSPINProject_bho_f_SPOR_02771|SPORTS
data/processed/syspin_24k/bho_f/IISc_SYSPINProject_bho_f_SPOR_02776.wav|शलभाषन एक तरह क योगाभ्यास हव जेके अच्छे स्वास्थ्य के बदे सबके करे के चाही|5.652|bho_f|IISc_SYSPINProject_bho_f_SPOR_02776|SPORTS
data/processed/syspin_24k/bho_f/IISc_SYSPINProject_bho_f_SPOR_02779.wav|शंकर सिंह, रजत खटकर आदि भारतीय पुरुषन के राष्ट्रीय हैंडबॉल टीम में शामिल हवे|5.660|bho_f|IISc_SYSPINProject_bho_f_SPOR_02779|SPORTS
data/processed/syspin_24k/bho_f/IISc_SYSPINProject_bho_f_SPOR_02925.wav|उत्तर कोरिया मे पूर्वी एशिया क एक देश होला अउर दक्षिण कोरिया के साथ उत्तर कोरिया सीमा एक विवादित सीमा होला.|7.490|bho_f|IISc_SYSPINProject_bho_f_SPOR_02925|SPORTS
data/processed/syspin_24k/bho_f/IISc_SYSPINProject_bho_f_SPOR_03120.wav|हॉकी इंडिया क सी.ई.ओ इलेना नॉरमैन हयन|3.340|bho_f|IISc_SYSPINProject_bho_f_SPOR_03120|SPORTS
data/processed/syspin_24k/bho_f/IISc_SYSPINProject_bho_f_SPOR_03365.wav|रग्बी सबसे प्रिय खेल दक्षिण अफ्रीका के हव|3.091|bho_f|IISc_SYSPINProject_bho_f_SPOR_03365|SPORTS
data/processed/syspin_24k/bho_f/IISc_SYSPINProject_bho_f_SPOR_03368.wav|सिद्धासन क मतलब कि कउनो बिसेसज्ञ के तेरे बइठ|4.210|bho_f|IISc_SYSPINProject_bho_f_SPOR_03368|SPORTS
data/processed/syspin_24k/bho_f/IISc_SYSPINProject_bho_f_SPOR_03436.wav|संतोष ट्रॉफी के शुरूआत सन् उन्नीस सौ इकतालिस में भयल रहल|4.260|bho_f|IISc_SYSPINProject_bho_f_SPOR_03436|SPORTS
data/processed/syspin_24k/bho_f/IISc_SYSPINProject_bho_f_SPOR_03444.wav|दक्खिन भारत भारत के प्रायद्वीपीय दक्खिनी हिस्सा से बनल हिस्सा ह|4.622|bho_f|IISc_SYSPINProject_bho_f_SPOR_03444|SPORTS
data/processed/syspin_24k/bho_f/IISc_SYSPINProject_bho_f_SPOR_03494.wav|भारतीय राष्ट्रीय क्रिकेट टीम में हमार सबसे मनपसन्द खिलाड़ी सचिन तेंदुलकर जी हउवन|5.900|bho_f|IISc_SYSPINProject_bho_f_SPOR_03494|SPORTS
data/processed/syspin_24k/bho_f/IISc_SYSPINProject_bho_f_SPOR_03507.wav|जलिकट्टू पोंगल के समय में मनाए जाए वाला तमिलनाडु क एगो पारंपरिक खेल हवे|5.880|bho_f|IISc_SYSPINProject_bho_f_SPOR_03507|SPORTS
data/processed/syspin_24k/bho_f/IISc_SYSPINProject_bho_f_SPOR_03520.wav|ताड़ आसन क लाभ बहुत बा पीठ दर्द, घुटना, रीढ़, लम्बाई में सहयोग करला|6.140|bho_f|IISc_SYSPINProject_bho_f_SPOR_03520|SPORTS
data/processed/syspin_24k/bho_f/IISc_SYSPINProject_bho_f_SPOR_03566.wav|आइस हॉकी खेले खातिर बर्फ पे चले वाला स्केटिंग पहिनना पड़ला|4.640|bho_f|IISc_SYSPINProject_bho_f_SPOR_03566|SPORTS
data/processed/syspin_24k/bho_f/IISc_SYSPINProject_bho_f_TECH_00105.wav|स्माइली एगो प्रमुख जीवनशैली ब्रांड हवे जे संगीत आउर सांस्कृतिक आंदोलन क पीढ़ियन से संबंध बनवले बा|7.540|bho_f|IISc_SYSPINProject_bho_f_TECH_00105|TECHNOLOGY
data/processed/syspin_24k/bho_f/IISc_SYSPINProject_bho_f_TECH_00217.wav|छिपकली क इतिहास जन्तु विज्ञान के सरीसृप वर्ग में आवला|4.140|bho_f|IISc_SYSPINProject_bho_f_TECH_00217|TECHNOLOGY
data/processed/syspin_24k/bho_f/IISc_SYSPINProject_bho_f_TECH_00222.wav|जेफिर क हार्पी पोडार्ज क ओर आकर्षित कईल गईल जब ऊ ओशन क किनारे चरत रहली|6.060|bho_f|IISc_SYSPINProject_bho_f_TECH_00222|TECHNOLOGY
data/processed/syspin_24k/bho_f/IISc_SYSPINProject_bho_f_TECH_00252.wav|लीगल इन्फोर्मैटिक्स ऑनलाइन अनुबंध कानून के क्षेत्राधिकार में बौद्धिक संपदा के विशिष्ट मुद्दा के संबोधित करेला|8.060|bho_f|IISc_SYSPINProject_bho_f_TECH_00252|TECHNOLOGY
data/processed/syspin_24k/bho_f/IISc_SYSPINProject_bho_f_TECH_00294.wav|आजकल त यूट्यूब सब्सक्राइब करवावे क जमाना हव|3.380|bho_f|IISc_SYSPINProject_bho_f_TECH_00294|TECHNOLOGY
data/processed/syspin_24k/bho_f/IISc_SYSPINProject_bho_f_TECH_00376.wav|एकल पासवर्ड के कमजोर मानल जाला काहे कि आधुनिक हार्डवेयर के संग बहुत आसानी से क्रूर मजबूर करल जा सकेला|8.380|bho_f|IISc_SYSPINProject_bho_f_TECH_00376|TECHNOLOGY
data/processed/syspin_24k/bho_f/IISc_SYSPINProject_bho_f_TECH_00448.wav|गिट मूल रूप से लिनस टॉरवाल्ड्स द्वारा लिनक्स कर्नेल के विकास खातिर लिखल गईल रहे|6.540|bho_f|IISc_SYSPINProject_bho_f_TECH_00448|TECHNOLOGY
data/processed/syspin_24k/bho_f/IISc_SYSPINProject_bho_f_TECH_00478.wav|ट्रांसमिशन कंट्रोल प्रोटोकॉल अर्थात इंटरनेट कई नेटवर्क के जाल होला|5.610|bho_f|IISc_SYSPINProject_bho_f_TECH_00478|TECHNOLOGY
data/processed/syspin_24k/bho_f/IISc_SYSPINProject_bho_f_TECH_00486.wav|डिफसर्व शाब्दिक अर्थ अपने अधिकार के लायक हो जाना होला|4.440|bho_f|IISc_SYSPINProject_bho_f_TECH_00486|TECHNOLOGY
data/processed/syspin_24k/bho_f/IISc_SYSPINProject_bho_f_TECH_00530.wav|प्राथमिक दर्पण, जवन सैकड़न अलग अलग षट्कोणीय खंड से बनल होई|4.700|bho_f|IISc_SYSPINProject_bho_f_TECH_00530|TECHNOLOGY
data/processed/syspin_24k/bho_f/IISc_SYSPINProject_bho_f_TECH_00576.wav|रेडियो का इतिहास का जन्मों से चलल आवत हव|3.260|bho_f|IISc_SYSPINProject_bho_f_TECH_00576|TECHNOLOGY
data/processed/syspin_24k/bho_f/IISc_SYSPINProject_bho_f_TECH_00651.wav|रोस्टर टीथ प्रोडक्शंस, एल.एल.सी एकठे अमेरिकी डिजिटल मीडिया कंपनी ह जेकर मुख्यालय ऑस्टिन, टेक्सास में ह|7.480|bho_f|IISc_SYSPINProject_bho_f_TECH_00651|TECHNOLOGY
data/processed/syspin_24k/bho_f/IISc_SYSPINProject_bho_f_TECH_00722.wav|लाइटवेट डायरेक्ट्री एक्सेस प्रोटोकॉल आई.पी नेटवर्क पर वितरित डाइरेक्टरी सूचना सेवा के एक्सेस खातिर प्रोटोकॉल ह|7.740|bho_f|IISc_SYSPINProject_bho_f_TECH_00722|TECHNOLOGY
data/processed/syspin_24k/bho_f/IISc_SYSPINProject_bho_f_TECH_00794.wav|नियमित भाषा के धारणा औपचारिक रूप से अमेरिकी गणित स्टीफन कोएन क्लेन में कयल गयल|6.180|bho_f|IISc_SYSPINProject_bho_f_TECH_00794|TECHNOLOGY
data/processed/syspin_24k/bho_f/IISc_SYSPINProject_bho_f_TECH_00833.wav|थरनेट संचार करने वाली प्रणालियॉ डेटा क एक धारा के फ्रेम नामक छोटे टुकडो मे विभाजित करल जाला.|7.380|bho_f|IISc_SYSPINProject_bho_f_TECH_00833|TECHNOLOGY
data/processed/syspin_24k/bho_f/IISc_SYSPINProject_bho_f_TECH_00902.wav|ई डेमोक्रेसी में इंटरैक्टिव टूल क एगो विस्तृत श्रृंखला के वर्णन कईल गईल बा जवना मौजूदा के अपनावेला|7.799|bho_f|IISc_SYSPINProject_bho_f_TECH_00902|TECHNOLOGY
data/processed/syspin_24k/bho_f/IISc_SYSPINProject_bho_f_TECH_01064.wav|ताररहित संग्रहण बिन्दू के टॉपिक पे निबंध लिख के कहला|4.040|bho_f|IISc_SYSPINProject_bho_f_TECH_01064|TECHNOLOGY
data/processed/syspin_24k/bho_f/IISc_SYSPINProject_bho_f_TECH_01125.wav|भाषा में प्रयुक्त किए हुए शब्दों आउर वाक्यों के रूप शुद्ध करल जाला|4.933|bho_f|IISc_SYSPINProject_bho_f_TECH_01125|TECHNOLOGY
data/processed/syspin_24k/bho_f/IISc_SYSPINProject_bho_f_TECH_01151.wav|आई.पी विंट सर्फ़, बाब कान द्वारा शुरू करल गए मूल ट्रांसमिशन कंट्रोल प्रोग्राम में जुडाव रहित डेटाग्राम सेवा रहल|8.729|bho_f|IISc_SYSPINProject_bho_f_TECH_01151|TECHNOLOGY
data/processed/syspin_24k/bho_f/IISc_SYSPINProject_bho_f_TECH_01207.wav|संप्रतीक कूटन के कवनो लेखन पद्धति में सब अक्षर एवं प्रतीक बदे अलग अलग संख्याएँ निर्धारित करल जाला|7.750|bho_f|IISc_SYSPINProject_bho_f_TECH_01207|TECHNOLOGY
data/processed/syspin_24k/bho_f/IISc_SYSPINProject_bho_f_TECH_01360.wav|ऑस्ट्रेलियाई शिक्षा अउर अनुसंधान समुदायों अउर उनके शोध भागीदारों के इंटरनेट सेवाएं प्रदान करेला|7.390|bho_f|IISc_SYSPINProject_bho_f_TECH_01360|TECHNOLOGY
data/processed/syspin_24k/bho_f/IISc_SYSPINProject_bho_f_TECH_01367.wav|संसाधन आरक्षण प्रोटोकॉल एक खे ट्रासपोर्ट रिजर्वेशन क प्रोटोकॉल हव|5.050|bho_f|IISc_SYSPINProject_bho_f_TECH_01367|TECHNOLOGY
data/processed/syspin_24k/bho_f/IISc_SYSPINProject_bho_f_TECH_01442.wav|बिट कॉइन एकठे विकेन्द्रीकृत डिजिटल मुद्रा ह ई कवनो भी केन्द्रीय बैंक से संचालित ना होखेला|6.560|bho_f|IISc_SYSPINProject_bho_f_TECH_01442|TECHNOLOGY
data/processed/syspin_24k/bho_f/IISc_SYSPINProject_bho_f_TECH_01559.wav|वेब टू प्वाइंट जिरो सहभागी वैब के नाम से भी जानल जाला ई एक वेब के दूसर प्रारुप हव|6.210|bho_f|IISc_SYSPINProject_bho_f_TECH_01559|TECHNOLOGY
data/processed/syspin_24k/bho_f/IISc_SYSPINProject_bho_f_TECH_01660.wav|पैपेल के ग्लोबल इम्पैक्ट रिपोर्ट में चार गो प्रमुख प्राथमिकता वाला क्षेत्रन क जानकारी दिहल गईल बा|6.645|bho_f|IISc_SYSPINProject_bho_f_TECH_01660|TECHNOLOGY
data/processed/syspin_24k/bho_f/IISc_SYSPINProject_bho_f_TECH_01808.wav|स्नातक प्रकाशन या संपादन के डिग्री या प्रमाणपत्र लेवे वाला लोग हौ.|4.961|bho_f|IISc_SYSPINProject_bho_f_TECH_01808|TECHNOLOGY
data/processed/syspin_24k/bho_f/IISc_SYSPINProject_bho_f_TECH_01848.wav|अईसन प्रोग्राम अक्सर स्क्रिप्टिंग भाषा में लिखल जालेन|3.420|bho_f|IISc_SYSPINProject_bho_f_TECH_01848|TECHNOLOGY
data/processed/syspin_24k/bho_f/IISc_SYSPINProject_bho_f_TECH_01849.wav|पी.डी.एफ यानी पीपोर्टेबल डॉक्यूमेंट फॉर्मेट एक्के उन्नीस सौ बानवे में एडोब द्वारा विकसित एकठे फाइल फॉर्मेट ह|7.660|bho_f|IISc_SYSPINProject_bho_f_TECH_01849|TECHNOLOGY
data/processed/syspin_24k/bho_f/IISc_SYSPINProject_bho_f_TECH_01861.wav|ऐप्पल इंक अल्फाबेट गूगल अमेजन के पांच बड़ अमेरिका के सूचना प्रद्योगिकी कंपनी में एक्ठे ह|6.740|bho_f|IISc_SYSPINProject_bho_f_TECH_01861|TECHNOLOGY
data/processed/syspin_24k/bho_f/IISc_SYSPINProject_bho_f_TECH_02028.wav|जवन कम्प्यूटर के हार्डवेयर द्वारा क्रियान्वित करल जा सकेला|4.060|bho_f|IISc_SYSPINProject_bho_f_TECH_02028|TECHNOLOGY
data/processed/syspin_24k/bho_f/IISc_SYSPINProject_bho_f_TECH_02094.wav|स्क्रिप्ट किडी के ऑफ द शेल्फ हैकिंग प्रोग्राम जवन यूजर के डॉस हमला करे में सक्षम बनावेला|6.840|bho_f|IISc_SYSPINProject_bho_f_TECH_02094|TECHNOLOGY
data/processed/syspin_24k/bho_f/IISc_SYSPINProject_bho_f_TECH_02181.wav|ट्रांसपोर्ट लेयर सिक्योरिटी प्रोटोकॉल हवे कंप्यूटर संचार सुरक्षा प्रदान करे खातिर डिज़ाइन कईल गईल हवे|7.449|bho_f|IISc_SYSPINProject_bho_f_TECH_02181|TECHNOLOGY
data/processed/syspin_24k/bho_f/IISc_SYSPINProject_bho_f_TECH_02203.wav|सिस्को हार्डबेयर, सॉफ्टवेयर, दूरसंचार उपकरण अऊर उच्च प्रौद्योगिकी सेवा अऊर उत्पाद क विकास निर्माण अऊर बेचेला|8.520|bho_f|IISc_SYSPINProject_bho_f_TECH_02203|TECHNOLOGY
data/processed/syspin_24k/bho_f/IISc_SYSPINProject_bho_f_TECH_02257.wav|अधिकतर थिंक टैंक गैर सरकारी संगठन होलें बाकी कुछ अर्ध स्वायत्त एजेंसी भी हवें|6.560|bho_f|IISc_SYSPINProject_bho_f_TECH_02257|TECHNOLOGY
data/processed/syspin_24k/bho_f/IISc_SYSPINProject_bho_f_TECH_02336.wav|करियर सेंस मल्टीपल एक्सेस क नया बांच पहाड़ियां मे खुलल हवला|5.022|bho_f|IISc_SYSPINProject_bho_f_TECH_02336|TECHNOLOGY
data/processed/syspin_24k/bho_f/IISc_SYSPINProject_bho_f_TECH_02345.wav|लुसेन्ट के कीताबे से अच्छा कीताब अभई सामान्य प्रश्न के बदे नाही हवला|5.280|bho_f|IISc_SYSPINProject_bho_f_TECH_02345|TECHNOLOGY
data/processed/syspin_24k/bho_f/IISc_SYSPINProject_bho_f_TECH_02406.wav|कंप्यूटिंग में फ़र्मवेयर कंप्यूटर सॉफ़्टवेयर क एक विशिष्ट वर्ग ह जवन डिवाइस के विशिष्ट हार्डवेयर क लिए निम्न स्तरीय नियंत्रण प्रदान करला|9.940|bho_f|IISc_SYSPINProject_bho_f_TECH_02406|TECHNOLOGY
data/processed/syspin_24k/bho_f/IISc_SYSPINProject_bho_f_TECH_02412.wav|एक ठे संपादक क्या छपना हव एकर योजना तैयार करेला|3.970|bho_f|IISc_SYSPINProject_bho_f_TECH_02412|TECHNOLOGY
data/processed/syspin_24k/bho_f/IISc_SYSPINProject_bho_f_TECH_02416.wav|डिजिटल वीडियो प्रसारण, केबल आउर स्थलीय प्रसारण बुनियादी ढांचे के उपयोग करके डिजिटल प्रसारण के परिभाषित करेला|8.329|bho_f|IISc_SYSPINProject_bho_f_TECH_02416|TECHNOLOGY
data/processed/syspin_24k/bho_f/IISc_SYSPINProject_bho_f_TECH_02485.wav|उन्नीस सौ तिरानबे से उन्नीस सौ छानबे तक चलल पेनेट रिमेलर एगो लोकप्रिय छद्म नाम के रिमेलर रहे|7.360|bho_f|IISc_SYSPINProject_bho_f_TECH_02485|TECHNOLOGY
data/processed/syspin_24k/bho_f/IISc_SYSPINProject_bho_f_TECH_02492.wav|माइक्रोसॉफ्ट नेट के संगे सी हेच पेश कईलस, जवन फ्रेमवर्क अउर ई विजुअल स्टूडियो दुन्नो बंद सोर्स रहल|7.480|bho_f|IISc_SYSPINProject_bho_f_TECH_02492|TECHNOLOGY
data/processed/syspin_24k/bho_f/IISc_SYSPINProject_bho_f_TECH_02614.wav|इंटरनेट संग्रह मे किताब, वेबसाइट, सॉफ्टवेयर, मूवी जईसे डिजिटल सामग्रिय तक खुली पहुंच के सक्षम बनावल जाला|8.580|bho_f|IISc_SYSPINProject_bho_f_TECH_02614|TECHNOLOGY
data/processed/syspin_24k/bho_f/IISc_SYSPINProject_bho_f_TECH_02651.wav|आई.पी पता के सबके नाही बतावल जाला इत छुपा के रखल जाला|4.610|bho_f|IISc_SYSPINProject_bho_f_TECH_02651|TECHNOLOGY
data/processed/syspin_24k/bho_f/IISc_SYSPINProject_bho_f_TECH_02703.wav|नोड्स के गैर सुरक्षित नेटवर्क संचार करे के अनुमति देला ताकि वे सुरक्षित तरीके से दूसरे के अपनी पहचान कर सके|8.740|bho_f|IISc_SYSPINProject_bho_f_TECH_02703|TECHNOLOGY
data/processed/syspin_24k/bho_f/IISc_SYSPINProject_bho_f_TECH_02732.wav|जर्नल स्टोरेज क छोटा न्यूयार्क शहर उन्नीस सौ फंचानबे मे स्थापित डिजिटल लाइब्रेरिय हौ.|6.300|bho_f|IISc_SYSPINProject_bho_f_TECH_02732|TECHNOLOGY
data/processed/syspin_24k/bho_f/IISc_SYSPINProject_bho_f_TECH_02775.wav|एन्कोडिंग से लाइन क विवरण निकाल के जमा करे के होला|4.029|bho_f|IISc_SYSPINProject_bho_f_TECH_02775|TECHNOLOGY
data/processed/syspin_24k/bho_f/IISc_SYSPINProject_bho_f_TECH_02819.wav|वेवफॉर्म ऑडियो फाइल फॉर्मेट अपन फाइलनाम एक्सटेंशन के कारण उच्चारण लहर एगो ऑडियो फाइल फॉर्मेट मानक हव|8.573|bho_f|IISc_SYSPINProject_bho_f_TECH_02819|TECHNOLOGY
data/processed/syspin_24k/bho_f/IISc_SYSPINProject_bho_f_TECH_02898.wav|गुप्त पहचान क मतलब होला कि सबसे आपन नाम, पता अउर सब कुछ छुपाके रखना|5.900|bho_f|IISc_SYSPINProject_bho_f_TECH_02898|TECHNOLOGY
data/processed/syspin_24k/bho_f/IISc_SYSPINProject_bho_f_TECH_02931.wav|वर्गहीन इंटर में डोमेन रूटिंग क कैन्टिंग खुल से खाए क समस्या दूर हो गयल हवला|6.240|bho_f|IISc_SYSPINProject_bho_f_TECH_02931|TECHNOLOGY
data/processed/syspin_24k/bho_f/IISc_SYSPINProject_bho_f_TECH_03005.wav|एंड्रॉइड एक मोबाइल ऑपरेटिंग सिस्टम ह|2.760|bho_f|IISc_SYSPINProject_bho_f_TECH_03005|TECHNOLOGY
data/processed/syspin_24k/bho_f/IISc_SYSPINProject_bho_f_TECH_03094.wav|आर्किमिडीज प्लूटोनियम दर्जनों विज्ञान न्यूजग्रुप के बीस हजार से ढेर अनोखा पोस्टिंग के लेखक बाड़ें|7.060|bho_f|IISc_SYSPINProject_bho_f_TECH_03094|TECHNOLOGY
data/processed/syspin_24k/bho_f/IISc_SYSPINProject_bho_f_TECH_03101.wav|एम.पी थ्री अमेरिका अउरी जगहन के अउरी डिजिटल वैज्ञानिकन के समर्थन हव|5.400|bho_f|IISc_SYSPINProject_bho_f_TECH_03101|TECHNOLOGY
data/processed/syspin_24k/bho_f/IISc_SYSPINProject_bho_f_TECH_03246.wav|स्वतंत्र डिस्क के निरर्थक डेटा भंडारण अभासी तकनीक हवे जवन उद्देश्य खातिर भौतिक डिस्क ड्राइव घटकों को जोड़ेला|8.416|bho_f|IISc_SYSPINProject_bho_f_TECH_03246|TECHNOLOGY
data/processed/syspin_24k/bho_f/IISc_SYSPINProject_bho_f_TECH_03318.wav|ग्लोबल इंटरनेट यूज दुनिया भर में इंटरनेट के इस्तेमाल करे वाला लोग के संख्या हवे|6.270|bho_f|IISc_SYSPINProject_bho_f_TECH_03318|TECHNOLOGY
data/processed/syspin_24k/bho_m/IISc_SYSPINProject_bho_m_AGRI_00057.wav|कृन्तक नाशक चूहा जइसे कृन्तक जन्तु के रक्त में पहुँच के थक्का बना देवेला अउर दम घुट जाला|7.940|bho_m|IISc_SYSPINProject_bho_m_AGRI_00057|AGRICULTURE
data/processed/syspin_24k/bho_m/IISc_SYSPINProject_bho_m_AGRI_00247.wav|प्लुमेरिया जेके फ्रैंगिपानी के नाम से जानल जाला|5.140|bho_m|IISc_SYSPINProject_bho_m_AGRI_00247|AGRICULTURE
data/processed/syspin_24k/bho_m/IISc_SYSPINProject_bho_m_AGRI_00255.wav|कद्दु के सफेद होला कद्दु एक प्रकार के सब्जी होला|4.240|bho_m|IISc_SYSPINProject_bho_m_AGRI_00255|AGRICULTURE
data/processed/syspin_24k/bho_m/IISc_SYSPINProject_bho_m_AGRI_00394.wav|कहल जाला कि नरगिस दोस्ती के प्रतीक हवे बाकिर नया शुरुआत के भी प्रतीक हवे|6.140|bho_m|IISc_SYSPINProject_bho_m_AGRI_00394|AGRICULTURE
data/processed/syspin_24k/bho_m/IISc_SYSPINProject_bho_m_AGRI_00463.wav|पक्कल एवोकाडो के सैंडविच में लगा के खाइल जाला|4.620|bho_m|IISc_SYSPINProject_bho_m_AGRI_00463|AGRICULTURE
data/processed/syspin_24k/bho_m/IISc_SYSPINProject_bho_m_AGRI_00479.wav|मतलब फॉरेस्ट कटिंग के बाद ट्रांसपोर्टिंग के प्रक्रिया ही लागिंग हवे|5.018|bho_m|IISc_SYSPINProject_bho_m_AGRI_00479|AGRICULTURE
data/processed/syspin_24k/bho_m/IISc_SYSPINProject_bho_m_AGRI_00492.wav|भारत सरकार एगो नया योजना डेयरी क्षेत्र खातिर वर्किंग कैपिटल लोन पर ब्याज सबवेंशन शुरू कइले बा|7.660|bho_m|IISc_SYSPINProject_bho_m_AGRI_00492|AGRICULTURE
data/processed/syspin_24k/bho_m/IISc_SYSPINProject_bho_m_AGRI_00595.wav|अंगूर के खेती करके तू वाइन फट्करी में अंगूर बेच के बढ़िया पइसा निकाल सकेल|5.700|bho_m|IISc_SYSPINProject_bho_m_AGRI_00595|AGRICULTURE
data/processed/syspin_24k/bho_m/IISc_SYSPINProject_bho_m_AGRI_00646.wav|किसान खातिर ऋण सुविधा किसान खातिर किसान क्रेडिट कार्ड लॉन्च भइल हवे|4.920|bho_m|IISc_SYSPINProject_bho_m_AGRI_00646|AGRICULTURE
data/processed/syspin_24k/bho_m/IISc_SYSPINProject_bho_m_AGRI_00670.wav|जब हमने के रेस्टोरेंट में खाना खाईला त सुनिश्चित करेला कि खाना हेल्थी अउर सुरक्षित होखे|5.500|bho_m|IISc_SYSPINProject_bho_m_AGRI_00670|AGRICULTURE
data/processed/syspin_24k/bho_m/IISc_SYSPINProject_bho_m_AGRI_00890.wav|अरबी के पत्ती के कोलोकेसिया लीव्स या टारो लीब्स के नाम से भी जानल जाला|4.800|bho_m|IISc_SYSPINProject_bho_m_AGRI_00890|AGRICULTURE
data/processed/syspin_24k/bho_m/IISc_SYSPINProject_bho_m_AGRI_01059.wav|मुफ्त रेंज कृषि के एगो बिधि के दर्शावेला|3.940|bho_m|IISc_SYSPINProject_bho_m_AGRI_01059|AGRICULTURE
data/processed/syspin_24k/bho_m/IISc_SYSPINProject_bho_m_AGRI_01178.wav|फूल के आम बेमारी बोट्राइटिस के ब्लाइट होला ई फंगल बीमारी जेकरा के कबो कबो ग्रे मोल्ड के नाँव से जानल जाला|8.700|bho_m|IISc_SYSPINProject_bho_m_AGRI_01178|AGRICULTURE
data/processed/syspin_24k/bho_m/IISc_SYSPINProject_bho_m_AGRI_01199.wav|संयंत्र विकास नियामक मानव निर्मित यौगिक के प्लांट ग्रोथ रेगुलेटर पी. जी. आर कहल जाला|8.120|bho_m|IISc_SYSPINProject_bho_m_AGRI_01199|AGRICULTURE
data/processed/syspin_24k/bho_m/IISc_SYSPINProject_bho_m_AGRI_01407.wav|कोलोकेशिया जड़ो में प्राकृतिक रेशा होखेला|3.380|bho_m|IISc_SYSPINProject_bho_m_AGRI_01407|AGRICULTURE
data/processed/syspin_24k/bho_m/IISc_SYSPINProject_bho_m_AGRI_01427.wav|भारत में जलीय पौधा के उत्पादन जेम्मेन जल जलकुंभी जल लिली वाटर स्टारग्रास कमल इ सब क उत्पादन होला|10.200|bho_m|IISc_SYSPINProject_bho_m_AGRI_01427|AGRICULTURE
data/processed/syspin_24k/bho_m/IISc_SYSPINProject_bho_m_AGRI_01562.wav|भेंड़ से दूध मांस ऊन चमड़ा के प्राप्ति होअत बा|5.140|bho_m|IISc_SYSPINProject_bho_m_AGRI_01562|AGRICULTURE
data/processed/syspin_24k/bho_m/IISc_SYSPINProject_bho_m_AGRI_01668.wav|ग्रेजुएशन में कृषि ,भौतिक विषय के चुनाव साइंस मैथ विषय से पास आउट छात्र ही कर सकेलन|6.560|bho_m|IISc_SYSPINProject_bho_m_AGRI_01668|AGRICULTURE
data/processed/syspin_24k/bho_m/IISc_SYSPINProject_bho_m_AGRI_01732.wav|आलमबाड़ी, बचौर आउर डांगी भारतीय मवेशी नस्ल हवे|4.780|bho_m|IISc_SYSPINProject_bho_m_AGRI_01732|AGRICULTURE
data/processed/syspin_24k/bho_m/IISc_SYSPINProject_bho_m_AGRI_01839.wav|कृषि शिक्षा में आज के युवा के उज्जवल भविष्य देखात बा|3.560|bho_m|IISc_SYSPINProject_bho_m_AGRI_01839|AGRICULTURE
data/processed/syspin_24k/bho_m/IISc_SYSPINProject_bho_m_AGRI_01912.wav|रोटेशनल ग्रेजिंग में अलग अलग जगह पशुवन के चरावल जाला|4.640|bho_m|IISc_SYSPINProject_bho_m_AGRI_01912|AGRICULTURE
data/processed/syspin_24k/bho_m/IISc_SYSPINProject_bho_m_AGRI_02070.wav|अनाज के कटाई भईले के बाद वोके साफ़ करके आउर सुखाके रखल जाला|5.160|bho_m|IISc_SYSPINProject_bho_m_AGRI_02070|AGRICULTURE
data/processed/syspin_24k/bho_m/IISc_SYSPINProject_bho_m_AGRI_02076.wav|मृत रोग ग्रस्त रेशम कीट के अपशिष्ट से रेशम कीड़ा में फ्लैचरी रोग कै संक्रमण हो जाला|6.900|bho_m|IISc_SYSPINProject_bho_m_AGRI_02076|AGRICULTURE
data/processed/syspin_24k/bho_m/IISc_SYSPINProject_bho_m_AGRI_02233.wav|तरल जैव इंधन के बायोफ्यूल कहलन जउने से गाड़ी घोड़ा दउढेला|4.720|bho_m|IISc_SYSPINProject_bho_m_AGRI_02233|AGRICULTURE
data/processed/syspin_24k/bho_m/IISc_SYSPINProject_bho_m_AGRI_02306.wav|रविंद्र खाली पेट अंजीर खा के अपना शूगर के स्तर के नियंत्रित करेलें|5.400|bho_m|IISc_SYSPINProject_bho_m_AGRI_02306|AGRICULTURE
data/processed/syspin_24k/bho_m/IISc_SYSPINProject_bho_m_AGRI_02344.wav|स्काउटिंग आऊर मॉनिटरिंग कीट के पहचान करे के तरीका बा|3.960|bho_m|IISc_SYSPINProject_bho_m_AGRI_02344|AGRICULTURE
data/processed/syspin_24k/bho_m/IISc_SYSPINProject_bho_m_AGRI_02371.wav|इहाँ खेती के आसान बनावे वाला कई मोबाइल ऐप हौ जइसे खेतीबाड़ी ऐप किसान मित्र एग्री ऐप कृषि ज्ञान ऐप आदि हौ|8.460|bho_m|IISc_SYSPINProject_bho_m_AGRI_02371|AGRICULTURE
data/processed/syspin_24k/bho_m/IISc_SYSPINProject_bho_m_AGRI_02380.wav|गाँव में जेकरे लगे फार्म ट्रक होला ओकरे किहन फसल कटे के बाद बहुत भीड़ होला|5.900|bho_m|IISc_SYSPINProject_bho_m_AGRI_02380|AGRICULTURE
data/processed/syspin_24k/bho_m/IISc_SYSPINProject_bho_m_AGRI_02422.wav|हींग सौंफ के प्रजाति के एगो ईरान मूल के पौधा ह. भारत में ई कश्मीर अउर पंजाब के कुछ हिस्सा में होला|7.370|bho_m|IISc_SYSPINProject_bho_m_AGRI_02422|AGRICULTURE
data/processed/syspin_24k/bho_m/IISc_SYSPINProject_bho_m_AGRI_02500.wav|गुलाब के पत्ता चबाए से मुंह अवुरी होंठ में सूजन भी कम हो जाला|5.096|bho_m|IISc_SYSPINProject_bho_m_AGRI_02500|AGRICULTURE
data/processed/syspin_24k/bho_m/IISc_SYSPINProject_bho_m_AGRI_02531.wav|जीरा के खेती सगरों देसवा करल जाला|2.740|bho_m|IISc_SYSPINProject_bho_m_AGRI_02531|AGRICULTURE
data/processed/syspin_24k/bho_m/IISc_SYSPINProject_bho_m_AGRI_02549.wav|लाल मिर्च कफ वात के दूर पित्त के बढ़ावेला वात के हरने वाला हृदय को उत्तेजित मूत्र को बढ़ावत हउवे|8.140|bho_m|IISc_SYSPINProject_bho_m_AGRI_02549|AGRICULTURE
data/processed/syspin_24k/bho_m/IISc_SYSPINProject_bho_m_AGRI_02552.wav|शलजम एक जर के सब्जी हउवे जौन दुनिया भर में समशीतोष्ण जलवायु में उगावल जाला आउर एकर सफेद मांसल टैप्रूट होला|9.432|bho_m|IISc_SYSPINProject_bho_m_AGRI_02552|AGRICULTURE
data/processed/syspin_24k/bho_m/IISc_SYSPINProject_bho_m_AGRI_02911.wav|कउनो क्षेत्र के मौसम के पूर्वानुमान लगावे बदे रिमोट सेंसिंग सेटेलाइट के इस्तेमाल करल जाला|6.313|bho_m|IISc_SYSPINProject_bho_m_AGRI_02911|AGRICULTURE
data/processed/syspin_24k/bho_m/IISc_SYSPINProject_bho_m_AGRI_02962.wav|किसान बदे आर्थिक सहायता पी.एम किसान योजना से किसान के हर साल छे हजार रुपैया तीन किश्त में देला|7.510|bho_m|IISc_SYSPINProject_bho_m_AGRI_02962|AGRICULTURE
data/processed/syspin_24k/bho_m/IISc_SYSPINProject_bho_m_AGRI_02978.wav|भारतीय स्क्वैश इ एगो कदुआ के परकार के सबजी हवे|4.190|bho_m|IISc_SYSPINProject_bho_m_AGRI_02978|AGRICULTURE
data/processed/syspin_24k/bho_m/IISc_SYSPINProject_bho_m_AGRI_03000.wav|पृथ्वी के लगभग सगरी पानी महासागर में पावल जाला आउर ई पीये, फसल उगावे खातिर उपयुक्त बा|6.900|bho_m|IISc_SYSPINProject_bho_m_AGRI_03000|AGRICULTURE
data/processed/syspin_24k/bho_m/IISc_SYSPINProject_bho_m_AGRI_03079.wav|पिचफोर्क खेत के उपकरण से घास, भूसा, पतई उठावे अउरी फेंके खातिर इस्तमाल होखेला|6.590|bho_m|IISc_SYSPINProject_bho_m_AGRI_03079|AGRICULTURE
data/processed/syspin_24k/bho_m/IISc_SYSPINProject_bho_m_AGRI_03140.wav|नमी जादा होवले पर ई फफूंद के भी रूप ले लेला|4.020|bho_m|IISc_SYSPINProject_bho_m_AGRI_03140|AGRICULTURE
data/processed/syspin_24k/bho_m/IISc_SYSPINProject_bho_m_AGRI_03195.wav|फसल के कटाई के बाद किसान कउ ठे त्योहार मनावेलन|3.854|bho_m|IISc_SYSPINProject_bho_m_AGRI_03195|AGRICULTURE
data/processed/syspin_24k/bho_m/IISc_SYSPINProject_bho_m_AGRI_03298.wav|एम.एस.पी मुल्यके तय करेला का एम्मन कउनो टैक्स भी होला?|4.320|bho_m|IISc_SYSPINProject_bho_m_AGRI_03298|AGRICULTURE
data/processed/syspin_24k/bho_m/IISc_SYSPINProject_bho_m_AGRI_03349.wav|ह्यचीन्थ वसंत मे खिले वाला बारहमासी के एक छोटा जीनस ह|4.370|bho_m|IISc_SYSPINProject_bho_m_AGRI_03349|AGRICULTURE
data/processed/syspin_24k/bho_m/IISc_SYSPINProject_bho_m_AGRI_03360.wav|रबर जल्दी ख़राब न होला आउर रबर पानी से भीग न सकेला|4.280|bho_m|IISc_SYSPINProject_bho_m_AGRI_03360|AGRICULTURE
data/processed/syspin_24k/bho_m/IISc_SYSPINProject_bho_m_AGRI_03413.wav|ग्रामीण विकास मंत्रालय के तहत पेयजल आपूर्ति , आवास निर्माण प मुख्य फोकस बा|5.900|bho_m|IISc_SYSPINProject_bho_m_AGRI_03413|AGRICULTURE
data/processed/syspin_24k/bho_m/IISc_SYSPINProject_bho_m_AGRI_03438.wav|एस्टुअरीन मत्स्य पालन पृथ्वी पर बहता हुआ अधिकांश जल समुद्र में पहुँच जाला|6.080|bho_m|IISc_SYSPINProject_bho_m_AGRI_03438|AGRICULTURE
data/processed/syspin_24k/bho_m/IISc_SYSPINProject_bho_m_AGRI_03481.wav|दूध के किस्मत बदल के बदे मवेशी हार्मोन के इस्तेमाल कईल जाला|4.980|bho_m|IISc_SYSPINProject_bho_m_AGRI_03481|AGRICULTURE
data/processed/syspin_24k/bho_m/IISc_SYSPINProject_bho_m_AGRI_03510.wav|हल्दी धार्मिक कार परोज में इस्तेमाल के अलावा मसाला डाई दवाई आउर सौंदर्य प्रसाधन के रूप में इस्तेमाल होला|8.980|bho_m|IISc_SYSPINProject_bho_m_AGRI_03510|AGRICULTURE
data/processed/syspin_24k/bho_m/IISc_SYSPINProject_bho_m_EVAL_00141.wav|का तोहके एदा लगत हवे कि मोहित फाइनल में पहुंचियन ?|3.379|bho_m|IISc_SYSPINProject_bho_m_EVAL_00141|EVALUATION
data/processed/syspin_24k/bho_m/IISc_SYSPINProject_bho_m_EVAL_00157.wav|का तू राति में खाये में चिकन या मछली पसंद करब ?|3.220|bho_m|IISc_SYSPINProject_bho_m_EVAL_00157|EVALUATION
data/processed/syspin_24k/bho_m/IISc_SYSPINProject_bho_m_EVAL_00377.wav|मास्टर के तरफ से आदेश देवल गयल कि नौकर ओनके लग्गे एक गिलास पानी लिया के दे|6.300|bho_m|IISc_SYSPINProject_bho_m_EVAL_00377|EVALUATION
data/processed/syspin_24k/bho_m/IISc_SYSPINProject_bho_m_EVAL_00392.wav|अवनि सच्चो में चाहत रहल कि उ अपने पापा के संघे सिंगिंग कॉन्सर्ट में जाए|6.620|bho_m|IISc_SYSPINProject_bho_m_EVAL_00392|EVALUATION
data/processed/syspin_24k/bho_m/IISc_SYSPINProject_bho_m_EVAL_00398.wav|कई ठे अंडा फ्रिज में हव लेकिन तू कुछ आउर खरीदबा|4.090|bho_m|IISc_SYSPINProject_bho_m_EVAL_00398|EVALUATION
data/processed/syspin_24k/bho_m/IISc_SYSPINProject_bho_m_FINA_00002.wav|फ्यूचर ट्रेडिंग में भविष्य में एक पूर्व निर्धारित समय पर पूर्व निर्धारित मूल्य पर एक डेरिवेटिव खरीद या बेच के एक कानूनी समझौता होला|10.480|bho_m|IISc_SYSPINProject_bho_m_FINA_00002|FINANCE
data/processed/syspin_24k/bho_m/IISc_SYSPINProject_bho_m_FINA_00051.wav|सांस्कृतिक उद्यमी लोग अपना सांस्कृतिक उद्यमन के माध्यम से सांस्कृतिक नवाचार खातिर उत्प्रेरक होल|7.800|bho_m|IISc_SYSPINProject_bho_m_FINA_00051|FINANCE
data/processed/syspin_24k/bho_m/IISc_SYSPINProject_bho_m_FINA_00136.wav|ए.टी.एम, इन्टरनेट बैंकिंग, टेलीफोन बैंकिंग, स्विफ्ट इ सब इलेक्ट्रोनिक स्थानांतरण के माध्यम हवे|7.580|bho_m|IISc_SYSPINProject_bho_m_FINA_00136|FINANCE
data/processed/syspin_24k/bho_m/IISc_SYSPINProject_bho_m_FINA_00276.wav|युद्ध के समय के उत्तेजित अर्थव्यवस्था में पइसा के प्रचलन से हटा के महंगाई के कन्ट्रोल करे के भी इ एक साधन बा|8.880|bho_m|IISc_SYSPINProject_bho_m_FINA_00276|FINANCE
data/processed/syspin_24k/bho_m/IISc_SYSPINProject_bho_m_FINA_00316.wav|कर माफ़ी एकरे बदले में पिछला कर अवधि या अवधि सब से संबंधित ब्याज अउर जुर्माना के माफी दिहल जाला|8.420|bho_m|IISc_SYSPINProject_bho_m_FINA_00316|FINANCE
data/processed/syspin_24k/bho_m/IISc_SYSPINProject_bho_m_FINA_00348.wav|वर्त्तमान में हमरे धन के मूल्य आज के तुलना में बहुत जादा होई|4.460|bho_m|IISc_SYSPINProject_bho_m_FINA_00348|FINANCE
data/processed/syspin_24k/bho_m/IISc_SYSPINProject_bho_m_FINA_00467.wav|शिक्षा ऋण छात्रों द्वारा अपने पढ़ाई से जुड़ल खर्चा पूरा करे बदे प्राप्त वित्तीय सहायता के एक स्वरूप होवेला|8.920|bho_m|IISc_SYSPINProject_bho_m_FINA_00467|FINANCE
data/processed/syspin_24k/bho_m/IISc_SYSPINProject_bho_m_FINA_00469.wav|राष्ट्रीय पेंशन प्रणाली एक जनवरी दु हजार से सब नागरीकन के सेवानिवृत्ति आय चालू करेला|7.960|bho_m|IISc_SYSPINProject_bho_m_FINA_00469|FINANCE
data/processed/syspin_24k/bho_m/IISc_SYSPINProject_bho_m_FINA_00495.wav|गोलगप्पे के पानी पूरी कहल जाला जवन बहुत ज्यादा निक लागे ला|4.540|bho_m|IISc_SYSPINProject_bho_m_FINA_00495|FINANCE
data/processed/syspin_24k/bho_m/IISc_SYSPINProject_bho_m_FINA_00534.wav|दान के वर्णन भारत के सभी धर्म ग्रंथ में देखे के मिल जायि|5.060|bho_m|IISc_SYSPINProject_bho_m_FINA_00534|FINANCE
data/processed/syspin_24k/bho_m/IISc_SYSPINProject_bho_m_FINA_00556.wav|तर्कशास्त्र मैक पर एगो पूरा प्रोफेशनल रिकॉर्डिंग स्टूडियो ह|4.660|bho_m|IISc_SYSPINProject_bho_m_FINA_00556|FINANCE
data/processed/syspin_24k/bho_m/IISc_SYSPINProject_bho_m_FINA_00758.wav|जीवन ज्योति बीमा योजना में एक्सीडेंट में मौत होये पर कउनो वेटिंग पीरियड नाहीं हवे|6.300|bho_m|IISc_SYSPINProject_bho_m_FINA_00758|FINANCE
data/processed/syspin_24k/bho_m/IISc_SYSPINProject_bho_m_FINA_00785.wav|एक ठे के ओवर द काउंटर डेरिवेटिव्स के नाम से जानल जाला|3.840|bho_m|IISc_SYSPINProject_bho_m_FINA_00785|FINANCE
data/processed/syspin_24k/bho_m/IISc_SYSPINProject_bho_m_FINA_00859.wav|बैंक गतिविधियां सुरक्षा खातिर लोगन से उनकर बहुमूल्य वस्तुएँ जमा करवावेला ग्राहकन के चेक के संग्रहण करना|8.840|bho_m|IISc_SYSPINProject_bho_m_FINA_00859|FINANCE
data/processed/syspin_24k/bho_m/IISc_SYSPINProject_bho_m_FINA_00894.wav|दीन दयाल उपाध्याय ग्रामीण कौशल योजना में शहरी घटक के केंद्रीय आवास अउर शहरी गरीबी उन्मूलन मंत्रालय लागू करी|9.580|bho_m|IISc_SYSPINProject_bho_m_FINA_00894|FINANCE
data/processed/syspin_24k/bho_m/IISc_SYSPINProject_bho_m_FINA_01020.wav|कमर्सियल बैकिंग सर्विस वित्त के सुविधा देवेला|3.662|bho_m|IISc_SYSPINProject_bho_m_FINA_01020|FINANCE
data/processed/syspin_24k/bho_m/IISc_SYSPINProject_bho_m_FINA_01051.wav|क्रावफिश पाई करंटो फिश डिशेज क्रैब डिशेज लॉबस्टर डिशेज कल्म डिशेज अउर ऑक्टोपस डिशेज ई सब सीफूड व्यंजन के वैरायटी बा|12.620|bho_m|IISc_SYSPINProject_bho_m_FINA_01051|FINANCE
data/processed/syspin_24k/bho_m/IISc_SYSPINProject_bho_m_FINA_01115.wav|दूसरे नाम से दर्शन लव इन द डार्क संस्मरण के माध्यम से अंतरंग प्रेम के अस्पष्टता के खोज करेला|8.650|bho_m|IISc_SYSPINProject_bho_m_FINA_01115|FINANCE
data/processed/syspin_24k/bho_m/IISc_SYSPINProject_bho_m_FINA_01120.wav|आई.एस.ओ अंतर्राष्ट्रीय मानक उन उत्पाद में विश्वास पैदा करेलन|4.880|bho_m|IISc_SYSPINProject_bho_m_FINA_01120|FINANCE
data/processed/syspin_24k/bho_m/IISc_SYSPINProject_bho_m_FINA_01285.wav|बीस जून दू हज़ार बीस के आपन महत्वाकांक्षी प्रधानमंत्री गरीब कल्याण रोजगर अभियान शुरू कईले|7.940|bho_m|IISc_SYSPINProject_bho_m_FINA_01285|FINANCE
data/processed/syspin_24k/bho_m/IISc_SYSPINProject_bho_m_FINA_01289.wav|पूँजी के स्त्रोत के तीन भाग में बाँटल जाला दीर्घकालीन, मध्यकालीन अउर अल्पकालीन|6.260|bho_m|IISc_SYSPINProject_bho_m_FINA_01289|FINANCE
data/processed/syspin_24k/bho_m/IISc_SYSPINProject_bho_m_FINA_01354.wav|संस्थागत निवेशक अपने निवेश मे अगर पारदर्शीता रखेन तब खुदरा निवेशकन के बढ़ावा मिलेला|7.140|bho_m|IISc_SYSPINProject_bho_m_FINA_01354|FINANCE
data/processed/syspin_24k/bho_m/IISc_SYSPINProject_bho_m_FINA_01412.wav|जीवन के साथ साथ बीमा वाहन, जमीन, खेत , गाय, भैंस सब कर हो सकेला|6.600|bho_m|IISc_SYSPINProject_bho_m_FINA_01412|FINANCE
data/processed/syspin_24k/bho_m/IISc_SYSPINProject_bho_m_FINA_01573.wav|कर प्रतिस्पर्धा , जब सरकार उत्पादक संसाधनन के आवक के प्रोत्साहित करे खातिर इस्तेमाल करेला|8.340|bho_m|IISc_SYSPINProject_bho_m_FINA_01573|FINANCE
data/processed/syspin_24k/bho_m/IISc_SYSPINProject_bho_m_FINA_01624.wav|वित्तीय जोखिम प्रबंधन जेमन बीत्तीय से सम्बंधित जोखिम हो सकेला|4.225|bho_m|IISc_SYSPINProject_bho_m_FINA_01624|FINANCE
data/processed/syspin_24k/bho_m/IISc_SYSPINProject_bho_m_FINA_01709.wav|भगवान शनि देव अउर हनुमान जी के कुम्भ राशी के अराध्य देव मानल जाला|6.410|bho_m|IISc_SYSPINProject_bho_m_FINA_01709|FINANCE
data/processed/syspin_24k/bho_m/IISc_SYSPINProject_bho_m_FINA_01753.wav|बचत बैंक के उत्पत्ति अठारहवीं सदी के दौरान यूरोप में भइल रहे|5.370|bho_m|IISc_SYSPINProject_bho_m_FINA_01753|FINANCE
data/processed/syspin_24k/bho_m/IISc_SYSPINProject_bho_m_FINA_01783.wav|यु.पी.आइ आई.डी अउर स्कैनर दुन्नु से लेन देन करल जा सकेला|4.450|bho_m|IISc_SYSPINProject_bho_m_FINA_01783|FINANCE
data/processed/syspin_24k/bho_m/IISc_SYSPINProject_bho_m_FINA_01883.wav|कर्नाटक के पहिले जमाने में मैसूर कहल जा काहे की बस हमके नाही पता रहल की पूछ लेली|7.220|bho_m|IISc_SYSPINProject_bho_m_FINA_01883|FINANCE
data/processed/syspin_24k/bho_m/IISc_SYSPINProject_bho_m_FINA_01890.wav|धीरज मोबाइल बैंकिंग ऐप में आपन वर्चुअल डेबिट कार्ड देखतारे|5.100|bho_m|IISc_SYSPINProject_bho_m_FINA_01890|FINANCE
data/processed/syspin_24k/bho_m/IISc_SYSPINProject_bho_m_FINA_01934.wav|बम्बई के ही कुछ जने बॉम्बे कह लेन काहे के बता सके ल|5.040|bho_m|IISc_SYSPINProject_bho_m_FINA_01934|FINANCE
data/processed/syspin_24k/bho_m/IISc_SYSPINProject_bho_m_FINA_01957.wav|मेक इन इंडिया डिजिटल इंडिया, भारतनेट अउर उमंग के समर्थक लाभार्थी हयन|6.340|bho_m|IISc_SYSPINProject_bho_m_FINA_01957|FINANCE
data/processed/syspin_24k/bho_m/IISc_SYSPINProject_bho_m_FINA_02172.wav|मार्क टू मार्केट अईसन उपकरण होखेला जवन बाजार के स्थिति के आधार पे बैलेंस सीट के दुन्नू तरफ के मूल्यांकन के बदल सकेला|9.460|bho_m|IISc_SYSPINProject_bho_m_FINA_02172|FINANCE
data/processed/syspin_24k/bho_m/IISc_SYSPINProject_bho_m_FINA_02207.wav|पे.टी.एम एक सेम क्लोज्ड वॉलेट हव आउर एसे कउनो कैश नाही निकालल जा सकला|6.680|bho_m|IISc_SYSPINProject_bho_m_FINA_02207|FINANCE
data/processed/syspin_24k/bho_m/IISc_SYSPINProject_bho_m_FINA_02235.wav|सार्वजनिक वित्त के मुख्य उद्देश्य जनता के मूलभूत जरूरत भोजन, स्वास्थ्य, बुनियादी ढांचा के प्रबंधन कइल बा|8.301|bho_m|IISc_SYSPINProject_bho_m_FINA_02235|FINANCE
data/processed/syspin_24k/bho_m/IISc_SYSPINProject_bho_m_FINA_02238.wav|केरला पराठा परतदार क्रिस्पी परोठा हौ ई मैदा या फिर आटा से बनावल जाला|6.660|bho_m|IISc_SYSPINProject_bho_m_FINA_02238|FINANCE
data/processed/syspin_24k/bho_m/IISc_SYSPINProject_bho_m_FINA_02242.wav|सहज जन सेवा केंद्र पर तत्काल भुगतान सेवा उपलब्ध बा|4.520|bho_m|IISc_SYSPINProject_bho_m_FINA_02242|FINANCE
data/processed/syspin_24k/bho_m/IISc_SYSPINProject_bho_m_FINA_02261.wav|अपने लाभार्थी सूची से लाभार्थी संपादन आइकन के ठीक बगल में हटावे वाला बटन पर क्लिक करा|8.313|bho_m|IISc_SYSPINProject_bho_m_FINA_02261|FINANCE
data/processed/syspin_24k/bho_m/IISc_SYSPINProject_bho_m_FINA_02310.wav|बारह रुपइया सालाना के प्रीमियम पर एक्सीडेंट में मौत होवे पर दू लाख के दुर्घटना बीमा मिलैला|6.484|bho_m|IISc_SYSPINProject_bho_m_FINA_02310|FINANCE
data/processed/syspin_24k/bho_m/IISc_SYSPINProject_bho_m_FINA_02327.wav|सुरक्छा बीमा एक साल ले मान्य रहेला उ हर साल फिर से रेन्यू करवावै पड़ेला|6.100|bho_m|IISc_SYSPINProject_bho_m_FINA_02327|FINANCE
data/processed/syspin_24k/bho_m/IISc_SYSPINProject_bho_m_FINA_02341.wav|इण्डियन टैक्स के कानून उन्नीस सौ एकसठ में बनल रहल|3.700|bho_m|IISc_SYSPINProject_bho_m_FINA_02341|FINANCE
data/processed/syspin_24k/bho_m/IISc_SYSPINProject_bho_m_FINA_02347.wav|ए. टी. एम एक तरह से छोटा बैंक हउवे जेमन बिना कउनो झंझट के पइसा दे देला आउर जमा भी करेला|7.420|bho_m|IISc_SYSPINProject_bho_m_FINA_02347|FINANCE
data/processed/syspin_24k/bho_m/IISc_SYSPINProject_bho_m_FINA_02424.wav|यस बैंक भारतीय बैंक हउवे जेकर मुख्यालय मुंबई में हौ एकर स्थापना राना कपूर आउर अशोक कपुर दू हजार चार में करले|9.337|bho_m|IISc_SYSPINProject_bho_m_FINA_02424|FINANCE
data/processed/syspin_24k/bho_m/IISc_SYSPINProject_bho_m_FINA_02488.wav|सावधि जमा खाता के कनाडा ऑस्ट्रेलिया न्यूजीलैंड में टर्म डिपॉजिट भारत में फिक्स्ड डिपॉजिट के रूप में जानल जाला|9.180|bho_m|IISc_SYSPINProject_bho_m_FINA_02488|FINANCE
data/processed/syspin_24k/bho_m/IISc_SYSPINProject_bho_m_FINA_02603.wav|डिजिटल इंडिया में ग्रामीण इलाका के हाई स्पीड इंटरनेट नेटवर्क से जोड़े के योजना शामिल बा|6.048|bho_m|IISc_SYSPINProject_bho_m_FINA_02603|FINANCE
data/processed/syspin_24k/bho_m/IISc_SYSPINProject_bho_m_FINA_02754.wav|डिजिटल वित्तीय सेवा के पब्लिक डोमेन में आ गईले से बैंक में लगे वाला ऊपरी खर्चा से राहत मिल जाला|7.170|bho_m|IISc_SYSPINProject_bho_m_FINA_02754|FINANCE
data/processed/syspin_24k/bho_m/IISc_SYSPINProject_bho_m_FINA_02777.wav|पांच अईसन तरीका जेसे ऋण जल्दी चुकावल जाला हो समय से पहिले लोन चुकाईब, जादा ब्याज दर वाला ऋण पहिले चुकाईब|7.760|bho_m|IISc_SYSPINProject_bho_m_FINA_02777|FINANCE
data/processed/syspin_24k/bho_m/IISc_SYSPINProject_bho_m_FINA_02861.wav|फोन पे के ट्रिक से इलेक्ट्रॉनिक बिल के भुगतान कर सकीला|4.316|bho_m|IISc_SYSPINProject_bho_m_FINA_02861|FINANCE
data/processed/syspin_24k/bho_m/IISc_SYSPINProject_bho_m_FINA_02939.wav|सूक्ष्म वित्त में समर्थक दावा करेला गरीबी हटावे में मदद करी|5.300|bho_m|IISc_SYSPINProject_bho_m_FINA_02939|FINANCE
data/processed/syspin_24k/bho_m/IISc_SYSPINProject_bho_m_FINA_02973.wav|त्रिपुरी एक प्रकार के सब्जी होला जेके हमने अपने घरे में उगाई ला या त पैदा करी ला|6.140|bho_m|IISc_SYSPINProject_bho_m_FINA_02973|FINANCE
data/processed/syspin_24k/bho_m/IISc_SYSPINProject_bho_m_FINA_03006.wav|आस्थगित भुगतान मानक ऋण के मूल्यांकन करे के व्यापक रूप से स्वीकार कइल गइल तरीका हवे|7.052|bho_m|IISc_SYSPINProject_bho_m_FINA_03006|FINANCE
data/processed/syspin_24k/bho_m/IISc_SYSPINProject_bho_m_FINA_03035.wav|वर्चुअल कार्ड से अंतर्निहित क्रेडिट सीमा के उजागर करे के जोखिम के कम से कम करेला|6.000|bho_m|IISc_SYSPINProject_bho_m_FINA_03035|FINANCE
data/processed/syspin_24k/bho_m/IISc_SYSPINProject_bho_m_FINA_03053.wav|सुखदी एक गुजराती मिठाई बा जो हर घर में बनेला गेहूं के आटा अउर गुड़ के घी में भून के बनावल जाला|7.274|bho_m|IISc_SYSPINProject_bho_m_FINA_03053|FINANCE
data/processed/syspin_24k/bho_m/IISc_SYSPINProject_bho_m_FINA_03239.wav|हर आदमी के अपने निश्चित आय के विश्लेषण मतलब चिंतन मनन हमेशा करत रहे के चाहीं|5.920|bho_m|IISc_SYSPINProject_bho_m_FINA_03239|FINANCE
data/processed/syspin_24k/bho_m/IISc_SYSPINProject_bho_m_FINA_03260.wav|लेखा परिक्षक द्वारा जांच खाते पे कंपनी के बैठक के समय आपन रिपोर्ट प्रस्तुत करेला|6.570|bho_m|IISc_SYSPINProject_bho_m_FINA_03260|FINANCE
data/processed/syspin_24k/bho_m/IISc_SYSPINProject_bho_m_FINA_03350.wav|स्टैंड अप इंडिया योजना या उतिष्ठ भारत के अंतर्गत कोई भी महिला या अनुसूचित जाति या जनजाति हवे|6.950|bho_m|IISc_SYSPINProject_bho_m_FINA_03350|FINANCE
data/processed/syspin_24k/bho_m/IISc_SYSPINProject_bho_m_FINA_03445.wav|दायित्व बीमा भोपाल गैस हत्याकांड में पीड़ित लोगन के दायित्व बीमा के तहत मुआवजा देवल गईल हउवे|7.095|bho_m|IISc_SYSPINProject_bho_m_FINA_03445|FINANCE
data/processed/syspin_24k/bho_m/IISc_SYSPINProject_bho_m_FINA_03460.wav|सोवरेन वेल्थ फंड या सोवरेन इन्वेस्टमेंट फंड एगो सरकारी निवेश फंड हवे|5.590|bho_m|IISc_SYSPINProject_bho_m_FINA_03460|FINANCE
data/processed/syspin_24k/bho_m/IISc_SYSPINProject_bho_m_FINA_03488.wav|आउर बैंक सुरक्षित खाता होला जेम्मन सब केहू के पईसा जमा होला आउर समय समय पे पईसा बढ़ेला|6.828|bho_m|IISc_SYSPINProject_bho_m_FINA_03488|FINANCE
data/processed/syspin_24k/bho_m/IISc_SYSPINProject_bho_m_FOOD_00065.wav|दलिया व्यंजन एगो बहुत ही पौस्टिक व्यंजन होला ए सरकारी स्कूल मे बाटल जाला ताकी बच्चन के पौस्टिक तत्व मिलत रहे|8.460|bho_m|IISc_SYSPINProject_bho_m_FOOD_00065|FOOD
data/processed/syspin_24k/bho_m/IISc_SYSPINProject_bho_m_FOOD_00125.wav|गौ मांस के व्यंजन के सूची में व्यंजन फ़िले मिग्नॉन ,बीफ प्रिंस, अल्बर्ट की पट्टिका परतदार मांस सामिल हवे|9.140|bho_m|IISc_SYSPINProject_bho_m_FOOD_00125|FOOD
data/processed/syspin_24k/bho_m/IISc_SYSPINProject_bho_m_FOOD_00206.wav|गांव देहात में खासतौर से यू.पी के गांव में बने वाला खाना के भोजपुरी व्यंजन कहल जाला जइसे दाल, भात, तरकारी, रोटी|9.220|bho_m|IISc_SYSPINProject_bho_m_FOOD_00206|FOOD
data/processed/syspin_24k/bho_m/IISc_SYSPINProject_bho_m_FOOD_00226.wav|गरम औरी खट्टा सूप, वॉन्टन सूप, हंटन तांग, बुद्धा जंप देवाल के ऊपर कुछ चीनी सूप हवे|8.300|bho_m|IISc_SYSPINProject_bho_m_FOOD_00226|FOOD
data/processed/syspin_24k/bho_m/IISc_SYSPINProject_bho_m_FOOD_00357.wav|गुप्तिपारा के संदेश के गुपोया गुफो स्टाइल के कुछ लोग बंगाल के पहिला ब्रांडेड मिठाई मानेला|7.453|bho_m|IISc_SYSPINProject_bho_m_FOOD_00357|FOOD
data/processed/syspin_24k/bho_m/IISc_SYSPINProject_bho_m_FOOD_00393.wav|पंजाब भारत के सर्वाधिक विकसित राज्य मानल जाला जेकर राजधानी संयुक्त रूप से चंडीगढ़ हवे|6.200|bho_m|IISc_SYSPINProject_bho_m_FOOD_00393|FOOD
data/processed/syspin_24k/bho_m/IISc_SYSPINProject_bho_m_FOOD_00397.wav|गोवा के व्यंजन में सबसे पहिला नाम विविन्का मिठाई के आवेला जवन की चावल के आटा, नारियल के पानी|6.950|bho_m|IISc_SYSPINProject_bho_m_FOOD_00397|FOOD
data/processed/syspin_24k/bho_m/IISc_SYSPINProject_bho_m_FOOD_00399.wav|ओडिशा के व्यंजन में प्रमुख रूप से चिंगुड़ी तरकारी, दही बैंगन, प्रसन्निया संतुला मुख्य रूप से शामिल हवे|7.549|bho_m|IISc_SYSPINProject_bho_m_FOOD_00399|FOOD
data/processed/syspin_24k/bho_m/IISc_SYSPINProject_bho_m_FOOD_00421.wav|नेपाली व्यंजन नेपाल में खाए जाये वाला भोजन के कहलन ढिंडो नेपाल के पारंपरिक भोजन ह|6.373|bho_m|IISc_SYSPINProject_bho_m_FOOD_00421|FOOD
data/processed/syspin_24k/bho_m/IISc_SYSPINProject_bho_m_FOOD_00530.wav|स्पेनिश में मंचेगो स्पेन के ला मंचा इलाका में मंचेगा नस्ल के भेड़ के दूध से बनल पनीर हवे|8.060|bho_m|IISc_SYSPINProject_bho_m_FOOD_00530|FOOD
data/processed/syspin_24k/bho_m/IISc_SYSPINProject_bho_m_FOOD_00705.wav|बंदेल, पनीर, छेना, दही छना, कलारी आउर कालिम्पोंग पनीर भारत में उपयोग होवे वाला चीज़ हवे|8.780|bho_m|IISc_SYSPINProject_bho_m_FOOD_00705|FOOD
data/processed/syspin_24k/bho_m/IISc_SYSPINProject_bho_m_FOOD_00717.wav|तपस के सूची एसिटूनस, एल्बोंडिगस, बाकालो इ सब होला|4.960|bho_m|IISc_SYSPINProject_bho_m_FOOD_00717|FOOD
data/processed/syspin_24k/bho_m/IISc_SYSPINProject_bho_m_FOOD_00832.wav|पास्ता के आमतौर पर साइज के हिसाब से अलग अलग होला जइसे पास्ता लुंगा, पास्ता कोर्टा, रिपिएना या पैस्टिना|8.600|bho_m|IISc_SYSPINProject_bho_m_FOOD_00832|FOOD
data/processed/syspin_24k/bho_m/IISc_SYSPINProject_bho_m_FOOD_00858.wav|हैंगओवर उपचार बदे नीवू के रस लोगन के पयावल जाला|3.960|bho_m|IISc_SYSPINProject_bho_m_FOOD_00858|FOOD
data/processed/syspin_24k/bho_m/IISc_SYSPINProject_bho_m_FOOD_00940.wav|डबलरोटी या ब्रैड भाड़ में पकाई हुअल खमीर लगे मैदे की रोटी होला ई मोटी ब्रेड के एगो मुख्य भोजन होला|9.240|bho_m|IISc_SYSPINProject_bho_m_FOOD_00940|FOOD
data/processed/syspin_24k/bho_m/IISc_SYSPINProject_bho_m_FOOD_01006.wav|एक लैक्टो शाकाहारी कभीबीकभी एक लैक्टेरियन के रूप में जानल जाला|4.980|bho_m|IISc_SYSPINProject_bho_m_FOOD_01006|FOOD
data/processed/syspin_24k/bho_m/IISc_SYSPINProject_bho_m_FOOD_01042.wav|टेम्पूरा, नूडल्स, सोबा, उडोन, रेमन, जपानी खाना के कुछ लोकप्रिय व्यंजन हवे|7.480|bho_m|IISc_SYSPINProject_bho_m_FOOD_01042|FOOD
data/processed/syspin_24k/bho_m/IISc_SYSPINProject_bho_m_FOOD_01198.wav|तिलकुट उत्तर प्रदेश, बिहार, राजस्थान वगैरह राज्यन में सकट चौथ संक्रांति पर बनावल जाला|7.400|bho_m|IISc_SYSPINProject_bho_m_FOOD_01198|FOOD
data/processed/syspin_24k/bho_m/IISc_SYSPINProject_bho_m_FOOD_01345.wav|लहसुन एलियम जीनस के बल्ब वाला फूल वाला पौधा के एगो प्रजाति हवे|5.520|bho_m|IISc_SYSPINProject_bho_m_FOOD_01345|FOOD
data/processed/syspin_24k/bho_m/IISc_SYSPINProject_bho_m_FOOD_01417.wav|हमने के फालतू में रोटी के बर्बाद न करे के चाहीं ठीक हवे न|4.340|bho_m|IISc_SYSPINProject_bho_m_FOOD_01417|FOOD
data/processed/syspin_24k/bho_m/IISc_SYSPINProject_bho_m_FOOD_01426.wav|मिष्टी दही के इसे रूपिया में मिले ला हमके नाही पता हवे|4.060|bho_m|IISc_SYSPINProject_bho_m_FOOD_01426|FOOD
data/processed/syspin_24k/bho_m/IISc_SYSPINProject_bho_m_FOOD_01489.wav|खिचड़ा अकसर मुस्लिम धरम में मुहर्रम के दिन बनेला|3.300|bho_m|IISc_SYSPINProject_bho_m_FOOD_01489|FOOD
data/processed/syspin_24k/bho_m/IISc_SYSPINProject_bho_m_FOOD_01497.wav|केरल में केले के पत्तो पे खाना भी खाइल जाला उहा केले के बहुत होला|5.140|bho_m|IISc_SYSPINProject_bho_m_FOOD_01497|FOOD
data/processed/syspin_24k/bho_m/IISc_SYSPINProject_bho_m_FOOD_01598.wav|जलेबी में ट्रांसफैट के ज्यादा मात्रा से दिल के बीमारी बढ़ सकेला|4.820|bho_m|IISc_SYSPINProject_bho_m_FOOD_01598|FOOD
data/processed/syspin_24k/bho_m/IISc_SYSPINProject_bho_m_FOOD_01736.wav|यमन के सूफी संत भगवान के याद करत के वक्त ध्यान लगावे के बदे कहवा के इस्तमाल करत रहलन|7.360|bho_m|IISc_SYSPINProject_bho_m_FOOD_01736|FOOD
data/processed/syspin_24k/bho_m/IISc_SYSPINProject_bho_m_FOOD_01766.wav|स्कॉटिश व्यंजन हैगिस ,निप्स ,टैटीज ,कच्चा दलिया ,खिचड़ी ,आलू प्याज के एगो सुप आउर समुद्री खाना के सुप होला|10.380|bho_m|IISc_SYSPINProject_bho_m_FOOD_01766|FOOD
data/processed/syspin_24k/bho_m/IISc_SYSPINProject_bho_m_FOOD_01800.wav|बुरिटो, चिको रोल, क्रोकेट, काटी रोल व नेगिमाकी आदि रोल्ड फूड होला|6.980|bho_m|IISc_SYSPINProject_bho_m_FOOD_01800|FOOD
data/processed/syspin_24k/bho_m/IISc_SYSPINProject_bho_m_FOOD_01807.wav|जैन शाकाहार जैन संस्कृति आउर दर्शन के अनुयायी लोग करेला|4.840|bho_m|IISc_SYSPINProject_bho_m_FOOD_01807|FOOD
data/processed/syspin_24k/bho_m/IISc_SYSPINProject_bho_m_FOOD_01829.wav|मेक्सिको के प्यूब्ला रोल होगी रोल्स बारबेक्यू पोर्क सैंडविच ब्रेड रोल के सूची में हवे|6.880|bho_m|IISc_SYSPINProject_bho_m_FOOD_01829|FOOD
data/processed/syspin_24k/bho_m/IISc_SYSPINProject_bho_m_FOOD_01835.wav|ब्रिस्केट चालाह चिकन सूप चाप्ड लीवर अउर कॉर्न बीफ ई सब अमेरिकन यहूदी व्यंजन बा|7.119|bho_m|IISc_SYSPINProject_bho_m_FOOD_01835|FOOD
data/processed/syspin_24k/bho_m/IISc_SYSPINProject_bho_m_FOOD_02043.wav|जर्मन मिठाईयन के सूची में शटरस्टॉक के नाम सबसे पहिले लेवल जाला|4.970|bho_m|IISc_SYSPINProject_bho_m_FOOD_02043|FOOD
data/processed/syspin_24k/bho_m/IISc_SYSPINProject_bho_m_FOOD_02119.wav|एक अइसन भोजन जवने में एसिड जादा पावल जात हो लिंकरेस्टिंग भोजन हवे|5.500|bho_m|IISc_SYSPINProject_bho_m_FOOD_02119|FOOD
data/processed/syspin_24k/bho_m/IISc_SYSPINProject_bho_m_FOOD_02174.wav|अक्सर पेशा अप्पम के गुड फ्राइडे के दिना लोग जाड़े बनवलन|4.118|bho_m|IISc_SYSPINProject_bho_m_FOOD_02174|FOOD
data/processed/syspin_24k/bho_m/IISc_SYSPINProject_bho_m_FOOD_02184.wav|अस्के पीथे एक राइस केक बा बांग्लादेश अउर पश्चिम बंगाल में बहुत मशहूर बा|5.520|bho_m|IISc_SYSPINProject_bho_m_FOOD_02184|FOOD
data/processed/syspin_24k/bho_m/IISc_SYSPINProject_bho_m_FOOD_02248.wav|आमिरती बूंदी के लड्डू जिलापी बांग्लादेशी व्यंजन हवे|4.170|bho_m|IISc_SYSPINProject_bho_m_FOOD_02248|FOOD
data/processed/syspin_24k/bho_m/IISc_SYSPINProject_bho_m_FOOD_02296.wav|तले हुए आटा के खाद्य पदार्थ के सूची मे मठरी ,पुड़ी ,गुलगुला, जलेबी आउर पनडुब्बी के शामिल करल जाला|8.160|bho_m|IISc_SYSPINProject_bho_m_FOOD_02296|FOOD
data/processed/syspin_24k/bho_m/IISc_SYSPINProject_bho_m_FOOD_02347.wav|सकीनालु चवले के आटा के बनल एगो डिश होला जेके हमार मम्मी मकर संक्रांति वाले दिन बनावेलीन|7.580|bho_m|IISc_SYSPINProject_bho_m_FOOD_02347|FOOD
data/processed/syspin_24k/bho_m/IISc_SYSPINProject_bho_m_FOOD_02481.wav|कोझुक्कट्टै श्रीलंकाई तमिल समुदाय के कउ जन्मजात रीति रिवाज के एक महत्वपूर्ण हिस्सा हवे|7.200|bho_m|IISc_SYSPINProject_bho_m_FOOD_02481|FOOD
data/processed/syspin_24k/bho_m/IISc_SYSPINProject_bho_m_FOOD_02489.wav|श्रीलंकाई व्यंजन में सब लोग कोट्टु रोटी ही खालन|3.496|bho_m|IISc_SYSPINProject_bho_m_FOOD_02489|FOOD
data/processed/syspin_24k/bho_m/IISc_SYSPINProject_bho_m_FOOD_02651.wav|सबसे पहले तोके मध्य प्रदेश खाद्य सुरक्षा अधिनियम के ऑफिसियल वेबसाइट पर जाला|5.720|bho_m|IISc_SYSPINProject_bho_m_FOOD_02651|FOOD
data/processed/syspin_24k/bho_m/IISc_SYSPINProject_bho_m_FOOD_02670.wav|क्षीरसागर के काजू बर्फी बनारस के सब मिठाईयन में सबसे महंगा मिठाई हवे|6.040|bho_m|IISc_SYSPINProject_bho_m_FOOD_02670|FOOD
data/processed/syspin_24k/bho_m/IISc_SYSPINProject_bho_m_FOOD_02738.wav|ब्लाट्जंग एगो दक्षिण अफ़्रीकी सॉस हवे जे सूखल फल से बनल होला|5.221|bho_m|IISc_SYSPINProject_bho_m_FOOD_02738|FOOD
data/processed/syspin_24k/bho_m/IISc_SYSPINProject_bho_m_FOOD_02838.wav|ई अलावा माल्टीज़ व्यंजन लाइव संगीत आउर अच्छे स्वभाव वाले मालिकों के पास एगो कैफे होला|7.325|bho_m|IISc_SYSPINProject_bho_m_FOOD_02838|FOOD
data/processed/syspin_24k/bho_m/IISc_SYSPINProject_bho_m_FOOD_02874.wav|अमेरिका के क्षेत्रीय पेय पदार्थ के सूची में विस्की, ब्रांडी आउर सैंपेन आवेला|5.800|bho_m|IISc_SYSPINProject_bho_m_FOOD_02874|FOOD
data/processed/syspin_24k/bho_m/IISc_SYSPINProject_bho_m_FOOD_02893.wav|मट्टर पनीर एगो आधुनिक रेस्तरां शैली आउर शाकाहारी उत्तर भारतीय व्यंजन हवे|5.720|bho_m|IISc_SYSPINProject_bho_m_FOOD_02893|FOOD
data/processed/syspin_24k/bho_m/IISc_SYSPINProject_bho_m_FOOD_02894.wav|पोंगानालु तमिलनाडु में कुझ्झी पनियाराम के नाम से अधिक जानल जाला|4.829|bho_m|IISc_SYSPINProject_bho_m_FOOD_02894|FOOD
data/processed/syspin_24k/bho_m/IISc_SYSPINProject_bho_m_FOOD_02906.wav|सरसों के साग में बथुवा भी डालल बहुत जरुरी होला|3.470|bho_m|IISc_SYSPINProject_bho_m_FOOD_02906|FOOD
data/processed/syspin_24k/bho_m/IISc_SYSPINProject_bho_m_FOOD_02918.wav|भारतीय भोजन आउर सामाजिकता के शिष्टाचार भारत में क्षेत्र के साथ बदलत रहेला|6.080|bho_m|IISc_SYSPINProject_bho_m_FOOD_02918|FOOD
data/processed/syspin_24k/bho_m/IISc_SYSPINProject_bho_m_FOOD_02929.wav|पालक आयरन पोटेशियम प्रोटीन फाइबर आउर दूसरे जरूरी न्यूट्रिएंट्स के एगो रिच सोर्स होला|7.700|bho_m|IISc_SYSPINProject_bho_m_FOOD_02929|FOOD
data/processed/syspin_24k/bho_m/IISc_SYSPINProject_bho_m_FOOD_03015.wav|मारवाडी लोग बिहू के त्योहार पर अपने किहन तिलपीठा बनवेलन|4.580|bho_m|IISc_SYSPINProject_bho_m_FOOD_03015|FOOD
data/processed/syspin_24k/bho_m/IISc_SYSPINProject_bho_m_FOOD_03113.wav|बस इहा से थोड़ी से दूरी पे ही साईं कपड़ा घर हवे|4.510|bho_m|IISc_SYSPINProject_bho_m_FOOD_03113|FOOD
data/processed/syspin_24k/bho_m/IISc_SYSPINProject_bho_m_FOOD_03156.wav|मुरुक्कू एगो स्वादिष्ट, कुरकुरा नाश्ता हवे, जे आमतौर पर चावल के आटा आउर उरद दाल के आटा से बनावल जाला|7.793|bho_m|IISc_SYSPINProject_bho_m_FOOD_03156|FOOD
data/processed/syspin_24k/bho_m/IISc_SYSPINProject_bho_m_FOOD_03192.wav|सरसो के पत्ती में बथुआ मिलाय के सरसो के साग बनेला|3.610|bho_m|IISc_SYSPINProject_bho_m_FOOD_03192|FOOD
data/processed/syspin_24k/bho_m/IISc_SYSPINProject_bho_m_FOOD_03281.wav|चंद्रकांति अच्छी तरह से छनल मिठाई होला|3.595|bho_m|IISc_SYSPINProject_bho_m_FOOD_03281|FOOD
data/processed/syspin_24k/bho_m/IISc_SYSPINProject_bho_m_FOOD_03301.wav|माधवाचार्य उडुपी व्यंजन भगवान श्रीकृष्ण के चढ़ावे बदे बनईले रहलन|5.720|bho_m|IISc_SYSPINProject_bho_m_FOOD_03301|FOOD
data/processed/syspin_24k/bho_m/IISc_SYSPINProject_bho_m_FOOD_03488.wav|केरल के हमने करैला कहल जाला आउर एकर सब्जी बहुत तरीका से बनेला|5.080|bho_m|IISc_SYSPINProject_bho_m_FOOD_03488|FOOD
data/processed/syspin_24k/bho_m/IISc_SYSPINProject_bho_m_HEAL_00009.wav|इंडियन जर्नल ऑफ फोरेंसिक मेडिसिन एंड टॉक्सिलॉजी एगो डबल ब्लाइंड पीयर रिव्यू वाला अंतर्राष्ट्रीय जर्नल हवे|8.780|bho_m|IISc_SYSPINProject_bho_m_HEAL_00009|HEALTH
data/processed/syspin_24k/bho_m/IISc_SYSPINProject_bho_m_HEAL_00108.wav|ऑन्कोलॉजी घातक विकृति के संदर्भित करला जवन महिला के श्रोणि क्षेत्र में स्थित होला|6.840|bho_m|IISc_SYSPINProject_bho_m_HEAL_00108|HEALTH
data/processed/syspin_24k/bho_m/IISc_SYSPINProject_bho_m_HEAL_00109.wav|परजीवी सदस्य क्षय, कुष्ठ, डिप्थीरिया टिटेनस, प्लेग, उपदंश रोग उत्पन्न करला, कवक समूह के सभी सदस्य जीवित रहेला|10.860|bho_m|IISc_SYSPINProject_bho_m_HEAL_00109|HEALTH
data/processed/syspin_24k/bho_m/IISc_SYSPINProject_bho_m_HEAL_00166.wav|आप ई योजना के लाभों लाभार्थी के प्रकार पात्रता मानदंडों के बारे में जानकारी प्राप्त कर सकेला|8.020|bho_m|IISc_SYSPINProject_bho_m_HEAL_00166|HEALTH
data/processed/syspin_24k/bho_m/IISc_SYSPINProject_bho_m_HEAL_00171.wav|ट्रॉमा सर्जरी एगो सर्जिकल बिसेसता हव जेम्मे ट्रॉमा के चोट के इलाज कइल जाला|6.320|bho_m|IISc_SYSPINProject_bho_m_HEAL_00171|HEALTH
data/processed/syspin_24k/bho_m/IISc_SYSPINProject_bho_m_HEAL_00174.wav|राष्ट्रीय एड्स नियंत्रण कार्यक्रम के अंतर्गत प्रिवेंशन, टेस्टिंग अउर ट्रीटमेंट शामिल बा|6.140|bho_m|IISc_SYSPINProject_bho_m_HEAL_00174|HEALTH
data/processed/syspin_24k/bho_m/IISc_SYSPINProject_bho_m_HEAL_00365.wav|हम त सचों के इन्द्रधनुष सबसे ज्यादा बरसात में ही देखे ला , अउर कभो नाहीं|6.077|bho_m|IISc_SYSPINProject_bho_m_HEAL_00365|HEALTH
data/processed/syspin_24k/bho_m/IISc_SYSPINProject_bho_m_HEAL_00420.wav|सी.टी स्कैन एक प्रकार के चिकित्सीय चित्रांकन तकनीक हवे जवन टोमोग्राफी पर आधारित रहेला|7.683|bho_m|IISc_SYSPINProject_bho_m_HEAL_00420|HEALTH
data/processed/syspin_24k/bho_m/IISc_SYSPINProject_bho_m_HEAL_00438.wav|तंत्रिका विज्ञान अध्ययन करेला कि तंत्रिका तंत्र कइसे विकसित होला, इनकर संरचना कइसे होला|6.730|bho_m|IISc_SYSPINProject_bho_m_HEAL_00438|HEALTH
data/processed/syspin_24k/bho_m/IISc_SYSPINProject_bho_m_HEAL_00465.wav|कोविड साइड इफेक्ट में दुष्प्रभाव याददाश्त अउर एकाग्रता, छाती में दर्द बा, जकड़न बा,नींद आवे में दिक्कत बा|9.343|bho_m|IISc_SYSPINProject_bho_m_HEAL_00465|HEALTH
data/processed/syspin_24k/bho_m/IISc_SYSPINProject_bho_m_HEAL_00576.wav|ज्वारनाशक ऊ दवाई हो ला जेके खईले मात्र से आदमी के बुखार ठीक हो जाले अउर बुखार से राहत मिलेला|8.480|bho_m|IISc_SYSPINProject_bho_m_HEAL_00576|HEALTH
data/processed/syspin_24k/bho_m/IISc_SYSPINProject_bho_m_HEAL_00586.wav|स्वास्थ्य हमने के जीवन के सबसे बड़ा पूंजी ह एहीसे एकर ध्यान रक्खे के चाही|5.730|bho_m|IISc_SYSPINProject_bho_m_HEAL_00586|HEALTH
data/processed/syspin_24k/bho_m/IISc_SYSPINProject_bho_m_HEAL_00627.wav|क्षय रोग से ज्यादातर शरीर के फेफड़ा के रोग होला इ फेफड़ा के प्रभावित करेला अउर भी अंग के प्रभावित करेला|8.282|bho_m|IISc_SYSPINProject_bho_m_HEAL_00627|HEALTH
data/processed/syspin_24k/bho_m/IISc_SYSPINProject_bho_m_HEAL_00651.wav|एहमे मुहँ, जबड़ा, गरदन, कपार के बीमारी के जांच अउर ईलाज होला|4.760|bho_m|IISc_SYSPINProject_bho_m_HEAL_00651|HEALTH
data/processed/syspin_24k/bho_m/IISc_SYSPINProject_bho_m_HEAL_00744.wav|कउनो जीव में प्रवेश करे वाला सूक्ष्मजीव या विषैले पदार्थ के सामना जन्मजात प्रतिरक्षा प्रणाली से होला|7.820|bho_m|IISc_SYSPINProject_bho_m_HEAL_00744|HEALTH
data/processed/syspin_24k/bho_m/IISc_SYSPINProject_bho_m_HEAL_00790.wav|एम्बुलेंस के बुलावे खातिर टोल फ्री नंबर एक सौ आठ पर कॉल कइल जा सकेला|5.720|bho_m|IISc_SYSPINProject_bho_m_HEAL_00790|HEALTH
data/processed/syspin_24k/bho_m/IISc_SYSPINProject_bho_m_HEAL_00863.wav|आज काल के समय में लोग चिकित्सा के भी बस एगो धंधा समझ लेले हवन|4.600|bho_m|IISc_SYSPINProject_bho_m_HEAL_00863|HEALTH
data/processed/syspin_24k/bho_m/IISc_SYSPINProject_bho_m_HEAL_00893.wav|भ्रूणविज्ञान विशेष जीव के शाखा होला जेम्मे बच्चन के जनम से पहिले विकास, वृद्धि अउर के अध्ययन होला|7.815|bho_m|IISc_SYSPINProject_bho_m_HEAL_00893|HEALTH
data/processed/syspin_24k/bho_m/IISc_SYSPINProject_bho_m_HEAL_00937.wav|स्मृति चेतना अउर सीखे संबंधी विकार के इलाज के बदे नुट्रोपिक्स के उपयोग होला|7.020|bho_m|IISc_SYSPINProject_bho_m_HEAL_00937|HEALTH
data/processed/syspin_24k/bho_m/IISc_SYSPINProject_bho_m_HEAL_00958.wav|डेंगू के बीमारी से लडे आउर प्लेटलेट्स बढ़ावे के बदे डाइट में हरी सब्जियों के जरूर खयल जाला|7.490|bho_m|IISc_SYSPINProject_bho_m_HEAL_00958|HEALTH
data/processed/syspin_24k/bho_m/IISc_SYSPINProject_bho_m_HEAL_01010.wav|मानव खोपड़ी मौत बदे एगो सार्वभौमिक प्रतीक होला ब्रह्मचर्य अनन्त जीवन के बदे प्राचीन होला|7.200|bho_m|IISc_SYSPINProject_bho_m_HEAL_01010|HEALTH
data/processed/syspin_24k/bho_m/IISc_SYSPINProject_bho_m_HEAL_01049.wav|होल बॉडी चेकअप के मतलब होला इंसानी शरीर के सामान्य परीक्षण जेसे कउनो डॉक्टर प्रैक्टिशनर द्वारा अंजाम देवल जाला|8.823|bho_m|IISc_SYSPINProject_bho_m_HEAL_01049|HEALTH
data/processed/syspin_24k/bho_m/IISc_SYSPINProject_bho_m_HEAL_01073.wav|बहुत से उपयोगी खनिज होला जईसे लोहा, पत्थर, चुना, कोयला, नमक, जस्ता, अभ्रक अउर बहुत खनिज|8.620|bho_m|IISc_SYSPINProject_bho_m_HEAL_01073|HEALTH
data/processed/syspin_24k/bho_m/IISc_SYSPINProject_bho_m_HEAL_01075.wav|कवक विरोधी मे दूठे लैंगिक संलग्न होला कवक के जन्म हरित शैवाल से होला जवन की एसे पर्ण हरित के हानी होला|10.323|bho_m|IISc_SYSPINProject_bho_m_HEAL_01075|HEALTH
data/processed/syspin_24k/bho_m/IISc_SYSPINProject_bho_m_HEAL_01093.wav|अब त अक्सर सब हिरोइन लोग कास्टमैटिक सर्जरी करवाके अपना चेहरा के सुंदर बनवा लेलिन|6.680|bho_m|IISc_SYSPINProject_bho_m_HEAL_01093|HEALTH
data/processed/syspin_24k/bho_m/IISc_SYSPINProject_bho_m_HEAL_01094.wav|कीड़ा मकोड़ा मच्छर, जूँ, पिस्सू, बिस्तर के कीड़ा आउर टिक्की संक्रामक एजेंट सब के कारण होला|7.650|bho_m|IISc_SYSPINProject_bho_m_HEAL_01094|HEALTH
data/processed/syspin_24k/bho_m/IISc_SYSPINProject_bho_m_HEAL_01109.wav|भारत विश्व स्वास्थ्य संगठन बारह जनवरी ओन्नईस सौ अड़तालीस मे डब्लू.एच.ओ के सदस्य बनल रहल|7.110|bho_m|IISc_SYSPINProject_bho_m_HEAL_01109|HEALTH
data/processed/syspin_24k/bho_m/IISc_SYSPINProject_bho_m_HEAL_01133.wav|पार्किसोनिया सिंड्रोम से हाथ में कपकपी, पूरे शरीर में अकड़न या फिर काम के अंदाज़ धीमा हो सकेला|7.560|bho_m|IISc_SYSPINProject_bho_m_HEAL_01133|HEALTH
data/processed/syspin_24k/bho_m/IISc_SYSPINProject_bho_m_HEAL_01238.wav|हृदय तथा वक्ष गह्वर संबंधी बीमारी के पहिले से फईले से पाहिले इलाज करे के चाही|6.360|bho_m|IISc_SYSPINProject_bho_m_HEAL_01238|HEALTH
data/processed/syspin_24k/bho_m/IISc_SYSPINProject_bho_m_HEAL_01248.wav|खाँसी के सिरप खरीद ला नाही त खांसत-खांसत गला पिराय लागी|4.760|bho_m|IISc_SYSPINProject_bho_m_HEAL_01248|HEALTH
data/processed/syspin_24k/bho_m/IISc_SYSPINProject_bho_m_HEAL_01251.wav|खनिज मुख्य रूप से दु प्रकार के होला एके अनेक उपवर्ग में विभाजित करल जाला|5.760|bho_m|IISc_SYSPINProject_bho_m_HEAL_01251|HEALTH
data/processed/syspin_24k/bho_m/IISc_SYSPINProject_bho_m_HEAL_01290.wav|डिप्रेशन के प्रकार में नैदानिक अवसाद, द्विध्रुवी अवसाद, डिस्थिमिया, मौसमी भावात्मक विकार शामिल बा|8.730|bho_m|IISc_SYSPINProject_bho_m_HEAL_01290|HEALTH
data/processed/syspin_24k/bho_m/IISc_SYSPINProject_bho_m_HEAL_01293.wav|राष्ट्रीय स्वास्थ्य बीमा द्वारा नेशनल मेडिक्लेम पॉलिसी रउआ के सुरक्षित करे खातिर एगो व्यापक तरीका देला|7.725|bho_m|IISc_SYSPINProject_bho_m_HEAL_01293|HEALTH
data/processed/syspin_24k/bho_m/IISc_SYSPINProject_bho_m_HEAL_01310.wav|अरे ई एन्टी बायोटिक दवाई पांच रुप के होला अउर कउनो रोग के ठीक कर बदे जरुरी हवे|6.340|bho_m|IISc_SYSPINProject_bho_m_HEAL_01310|HEALTH
data/processed/syspin_24k/bho_m/IISc_SYSPINProject_bho_m_HEAL_01344.wav|जीन थेरेपी से कोशिका अउर उतक मे जीन के प्रविष्टी कराके काऊनो बीमारी के चिकित्सा करल जाला|7.186|bho_m|IISc_SYSPINProject_bho_m_HEAL_01344|HEALTH
data/processed/syspin_24k/bho_m/IISc_SYSPINProject_bho_m_HEAL_01354.wav|खाये के आदत में अपने आहार में हरी पत्तेदार सब्जियन के जरूर शामिल करे के चाही|5.900|bho_m|IISc_SYSPINProject_bho_m_HEAL_01354|HEALTH
data/processed/syspin_24k/bho_m/IISc_SYSPINProject_bho_m_HEAL_01423.wav|एक्स-रे एक प्रकार के जांच होला जेमे की मरीज के उ अंग के फोटो खीचल जाला जेमे मरीज़ के समस्या होला|7.377|bho_m|IISc_SYSPINProject_bho_m_HEAL_01423|HEALTH
data/processed/syspin_24k/bho_m/IISc_SYSPINProject_bho_m_HEAL_01445.wav|पाचन तंत्र जठरांत्र मार्ग से बनेला पाचन तंत्र मे जिगर आग्नशय आउर पित्ताशय मिलल रहेला|8.460|bho_m|IISc_SYSPINProject_bho_m_HEAL_01445|HEALTH
data/processed/syspin_24k/bho_m/IISc_SYSPINProject_bho_m_HEAL_01638.wav|ऑक्सीजन संकेन्द्रक औद्योगिक प्रक्रिया में ऑक्सीजन के एक किफायती स्रोत प्रदान करेला|6.320|bho_m|IISc_SYSPINProject_bho_m_HEAL_01638|HEALTH
data/processed/syspin_24k/bho_m/IISc_SYSPINProject_bho_m_HEAL_01646.wav|ट्रॉमा सर्जरी के हमने एगो तेज़ तर्रार आ उर मांग वाली प्रथा कह सकी ला|4.960|bho_m|IISc_SYSPINProject_bho_m_HEAL_01646|HEALTH
data/processed/syspin_24k/bho_m/IISc_SYSPINProject_bho_m_HEAL_01875.wav|सीटी स्कैन के कंप्यूटेड टोमोग्राफी इ विशेष तकनीक के हाई रेजोल्यूशन सीटी कहल जाला|6.860|bho_m|IISc_SYSPINProject_bho_m_HEAL_01875|HEALTH
data/processed/syspin_24k/bho_m/IISc_SYSPINProject_bho_m_HEAL_01885.wav|पहिला एच.आई.वी वैक्सीन महारानी बिक्टोरीया के लगल रहल|3.860|bho_m|IISc_SYSPINProject_bho_m_HEAL_01885|HEALTH
data/processed/syspin_24k/bho_m/IISc_SYSPINProject_bho_m_HEAL_02064.wav|शल्य चिकित्सा से हमरे मउसी के अपेंडिक्स के आपरेशन भईल रहल|4.149|bho_m|IISc_SYSPINProject_bho_m_HEAL_02064|HEALTH
data/processed/syspin_24k/bho_m/IISc_SYSPINProject_bho_m_HEAL_02071.wav|स्वास्थ्य क्षेत्र में चुनौती बा उन्नत स्वास्थ्य प्रौद्योगिकी के सदुपयोग, सूचना अउर ई एकीकृत स्वास्थ्य सेवा, साइबर सुरक्षा होला|9.180|bho_m|IISc_SYSPINProject_bho_m_HEAL_02071|HEALTH
data/processed/syspin_24k/bho_m/IISc_SYSPINProject_bho_m_HEAL_02324.wav|एचआईवी के पहिला लक्षण दू से छे हप्ता के बीच मे देखाई देवे लगेला|5.080|bho_m|IISc_SYSPINProject_bho_m_HEAL_02324|HEALTH
data/processed/syspin_24k/bho_m/IISc_SYSPINProject_bho_m_HEAL_02334.wav|स्टेरॉयड रसायन सब के मानव निर्मित संस्करण हवे जेकरा के हार्मोन के नाँव से जानल जाला|7.265|bho_m|IISc_SYSPINProject_bho_m_HEAL_02334|HEALTH
data/processed/syspin_24k/bho_m/IISc_SYSPINProject_bho_m_HEAL_02348.wav|बच्चन के पत्तिदार हरा सब्जी, ताजा फल आउर दूध से बनल चिज के बहुत आवश्यकता होला|7.360|bho_m|IISc_SYSPINProject_bho_m_HEAL_02348|HEALTH
data/processed/syspin_24k/bho_m/IISc_SYSPINProject_bho_m_HEAL_02417.wav|एगो स्नायविक विकार शरीर के तंत्रिका तंत्र के कोई भी विकार होला मस्तिष्क रीढ़ के हड्डी होला|7.760|bho_m|IISc_SYSPINProject_bho_m_HEAL_02417|HEALTH
data/processed/syspin_24k/bho_m/IISc_SYSPINProject_bho_m_HEAL_02631.wav|हमने के राष्ट्रीय पक्षी के का नाम हवे ,जे जे बताई ओके एगो टाॅफी मिली|5.420|bho_m|IISc_SYSPINProject_bho_m_HEAL_02631|HEALTH
data/processed/syspin_24k/bho_m/IISc_SYSPINProject_bho_m_HEAL_02639.wav|समय समय पे सरकार भी डेंगू के टीका फ्री में लगवावेला न तबो त लगवा लेवे के चाहीं|5.930|bho_m|IISc_SYSPINProject_bho_m_HEAL_02639|HEALTH
data/processed/syspin_24k/bho_m/IISc_SYSPINProject_bho_m_HEAL_02654.wav|औषधि खाद्य गुणवत्ता नियंत्रण प्रभाग के माननीय मंत्री जी श्री डॉक्टर मनसुख मांडवी जी हयन|6.660|bho_m|IISc_SYSPINProject_bho_m_HEAL_02654|HEALTH
data/processed/syspin_24k/bho_m/IISc_SYSPINProject_bho_m_HEAL_02743.wav|जब कोई के हाथ, गोड़ कट जाला त ओके प्रोस्थेटिक डिवाइस लगावल जाला जेसे डोले फिरे मे असानी होला|8.180|bho_m|IISc_SYSPINProject_bho_m_HEAL_02743|HEALTH
data/processed/syspin_24k/bho_m/IISc_SYSPINProject_bho_m_HEAL_02873.wav|ट्रॉमा सर्जरी के आपन टीम पहिलही से बनल रहेला|3.740|bho_m|IISc_SYSPINProject_bho_m_HEAL_02873|HEALTH
data/processed/syspin_24k/bho_m/IISc_SYSPINProject_bho_m_HEAL_03007.wav|हम बहुत खोजली लेकिन हमके नाहीं पता चलल कि हिंट केके कहलन|4.550|bho_m|IISc_SYSPINProject_bho_m_HEAL_03007|HEALTH
data/processed/syspin_24k/bho_m/IISc_SYSPINProject_bho_m_HEAL_03009.wav|इलेक्ट्रॉनिक हेल्थ रिकॉर्ड शायद सबसे लोकप्रिय आउर सबसे महत्वपूर्ण प्रकार के चिकित्सा सॉफ्टवेयर ह|6.600|bho_m|IISc_SYSPINProject_bho_m_HEAL_03009|HEALTH
data/processed/syspin_24k/bho_m/IISc_SYSPINProject_bho_m_HEAL_03045.wav|सब लड़कन के वैकल्पिक प्रश्न कर के हवे ठीक न|3.480|bho_m|IISc_SYSPINProject_bho_m_HEAL_03045|HEALTH
data/processed/syspin_24k/bho_m/IISc_SYSPINProject_bho_m_HEAL_03078.wav|टेक्नोलॉजी के इस्तेमाल सरकार या डॉक्टर साहब लोग मरीज के स्वास्थ्य लाभ के बदे कर काश प्रयास करत हवन|7.540|bho_m|IISc_SYSPINProject_bho_m_HEAL_03078|HEALTH
data/processed/syspin_24k/bho_m/IISc_SYSPINProject_bho_m_HEAL_03079.wav|मृदा उर्वरता कृषि पौधे के विकास को बनाए रखने के बदे मिट्टी के क्षमता के संदर्भित करेला|6.980|bho_m|IISc_SYSPINProject_bho_m_HEAL_03079|HEALTH
data/processed/syspin_24k/bho_m/IISc_SYSPINProject_bho_m_HEAL_03114.wav|स्ट्रोक तब होला जब दिमाग के कवनो खून के नली फाट के खून बह जाला,या जब दिमाग में खून के आपूर्ति में रुकावट हो जाला|8.690|bho_m|IISc_SYSPINProject_bho_m_HEAL_03114|HEALTH
data/processed/syspin_24k/bho_m/IISc_SYSPINProject_bho_m_HEAL_03122.wav|जैव प्रौद्योगिकी द्वारा कउनो भी प्राणी के ही जनन विज्ञान परिभाषा दियल जाला|5.790|bho_m|IISc_SYSPINProject_bho_m_HEAL_03122|HEALTH
data/processed/syspin_24k/bho_m/IISc_SYSPINProject_bho_m_HEAL_03152.wav|ट्रॉमा सर्जन आम तौर पर सामान्य सर्जरी में रेजीडेंसी प्रशिक्षण पूरा करेला|5.180|bho_m|IISc_SYSPINProject_bho_m_HEAL_03152|HEALTH
data/processed/syspin_24k/bho_m/IISc_SYSPINProject_bho_m_HEAL_03296.wav|बच्चे भगवान के रूप होले न हो ई बात भी सही हवे|4.440|bho_m|IISc_SYSPINProject_bho_m_HEAL_03296|HEALTH
data/processed/syspin_24k/bho_m/IISc_SYSPINProject_bho_m_HEAL_03320.wav|हेल्थ केयर स्वास्थ्य सेवा चिकित्सा, दन्त चिकित्सा, नर्सिंग आउर स्वास्थ्य से सम्बंधित पेशेवर द्वारा प्रदान कईल जाला|7.560|bho_m|IISc_SYSPINProject_bho_m_HEAL_03320|HEALTH
data/processed/syspin_24k/bho_m/IISc_SYSPINProject_bho_m_INDI_00038.wav|भारत में कई प्रकार क झील जब जइसे वुलर झील, डल झील, भीमताल झील, नैनीताल झील, लोकटक झील अउर बड़ापानी झील आदि|10.370|bho_m|IISc_SYSPINProject_bho_m_INDI_00038|INDIA RELATED
data/processed/syspin_24k/bho_m/IISc_SYSPINProject_bho_m_INDI_00196.wav|धुंडीराज गोविंद फाल्के के नाँव से लोकप्रिय रूप एगो भारतीय निर्माता निर्देशक पटकथा लेखक रहलें|7.350|bho_m|IISc_SYSPINProject_bho_m_INDI_00196|INDIA RELATED
data/processed/syspin_24k/bho_m/IISc_SYSPINProject_bho_m_INDI_00261.wav|भारतीय महिला आजके समाज में कन्धा से कन्धा मिलके काम करत हईन|4.620|bho_m|IISc_SYSPINProject_bho_m_INDI_00261|INDIA RELATED
data/processed/syspin_24k/bho_m/IISc_SYSPINProject_bho_m_INDI_00332.wav|ई भारत के सब बैंक के संचालक हवे, रिज़र्व बैक भारत की अर्थव्यवस्था के नियन्त्रित करेला|6.960|bho_m|IISc_SYSPINProject_bho_m_INDI_00332|INDIA RELATED
data/processed/syspin_24k/bho_m/IISc_SYSPINProject_bho_m_INDI_00365.wav|पोशाक भारत के प्रत्येक क्षेत्र के लोगन के विभिन्न जातीय, भूगोल, जलवायु आउर सांस्कृतिक परंपरा पर निर्भर ह|7.840|bho_m|IISc_SYSPINProject_bho_m_INDI_00365|INDIA RELATED
data/processed/syspin_24k/bho_m/IISc_SYSPINProject_bho_m_INDI_00441.wav|भारत पाकिस्तान युद्ध, उन्नीस सौ इक्हतर में भईल रहे|3.700|bho_m|IISc_SYSPINProject_bho_m_INDI_00441|INDIA RELATED
data/processed/syspin_24k/bho_m/IISc_SYSPINProject_bho_m_INDI_00472.wav|भारत द्वारा दावा हवे कि सबसे उत्तरी बिंदु गिलगित बाल्टिस्तान के पाकिस्तानी प्रशासित क्षेत्र में स्थित हवे|8.180|bho_m|IISc_SYSPINProject_bho_m_INDI_00472|INDIA RELATED
data/processed/syspin_24k/bho_m/IISc_SYSPINProject_bho_m_INDI_00488.wav|भारत के कंपनि के नवीनतम खबर, कंपनी क त्रैमासिक परिणाम, नीति, विश्लेषण प्राप्त करीं|7.320|bho_m|IISc_SYSPINProject_bho_m_INDI_00488|INDIA RELATED
data/processed/syspin_24k/bho_m/IISc_SYSPINProject_bho_m_INDI_00581.wav|जैस्मिन सिम्हालन एक प्रसिद्ध भारतीय नृत्यांगना हइ|3.860|bho_m|IISc_SYSPINProject_bho_m_INDI_00581|INDIA RELATED
data/processed/syspin_24k/bho_m/IISc_SYSPINProject_bho_m_INDI_00597.wav|साहित्य के रिकार्डिंग ज्ञान या मनोरंजन के संरक्षण या प्रसार के एक तरीका हौ.|5.400|bho_m|IISc_SYSPINProject_bho_m_INDI_00597|INDIA RELATED
data/processed/syspin_24k/bho_m/IISc_SYSPINProject_bho_m_INDI_00922.wav|कागज के यंत्र काग़ज़ के लुगदी, फाटल कागज जवन गोंद, पेस्ट के सगे मिला के बनावल जाला|7.700|bho_m|IISc_SYSPINProject_bho_m_INDI_00922|INDIA RELATED
data/processed/syspin_24k/bho_m/IISc_SYSPINProject_bho_m_INDI_00980.wav|राजपूत राजवंशों के सूची में महान राजपूत राजा महाराणा प्रताप के नाव अमर हवे|6.380|bho_m|IISc_SYSPINProject_bho_m_INDI_00980|INDIA RELATED
data/processed/syspin_24k/bho_m/IISc_SYSPINProject_bho_m_INDI_01018.wav|कुशान साम्राज्य एगो सिंक्रेटिक साम्राज्य रहल जे पहला वीं सदी के सुरुआत में बैक्ट्रियन इलाका में युझी लोग द्वारा बनावल गइल|10.760|bho_m|IISc_SYSPINProject_bho_m_INDI_01018|INDIA RELATED
data/processed/syspin_24k/bho_m/IISc_SYSPINProject_bho_m_INDI_01064.wav|हिंदू पौराणिक कथा मे से एगो पौराणिक कथा जनमेजय के सर्प मेघ यज्ञ हवे|6.620|bho_m|IISc_SYSPINProject_bho_m_INDI_01064|INDIA RELATED
data/processed/syspin_24k/bho_m/IISc_SYSPINProject_bho_m_INDI_01099.wav|भारतीयन द्वारा एक दूसरे से मिले पे अभिवादन, विनम्रता प्रदर्शित करे हेतु प्रयुक्त शब्द हवे|7.470|bho_m|IISc_SYSPINProject_bho_m_INDI_01099|INDIA RELATED
data/processed/syspin_24k/bho_m/IISc_SYSPINProject_bho_m_INDI_01218.wav|इतिहास मे विकिडेटा से कॉमन्स श्रेणी लिंक मे कूल दू सौ उपश्रेणी रहल|6.780|bho_m|IISc_SYSPINProject_bho_m_INDI_01218|INDIA RELATED
data/processed/syspin_24k/bho_m/IISc_SYSPINProject_bho_m_INDI_01318.wav|अभिनेत्री हॉलीवुड इंडस्ट्री में अपना अद्भुत अभिनय कौशल खातिर बहुते मशहूर बाड़ी|6.540|bho_m|IISc_SYSPINProject_bho_m_INDI_01318|INDIA RELATED
data/processed/syspin_24k/bho_m/IISc_SYSPINProject_bho_m_INDI_01541.wav|कोकबोरोक भारत के त्रिपुरा राज्य बांग्लादेश के पड़ोसी इलाका के त्रिपुरी लोगन के मुख्य मूल भाषा हवे एकर नाम कोक से पड़ल|10.280|bho_m|IISc_SYSPINProject_bho_m_INDI_01541|INDIA RELATED
data/processed/syspin_24k/bho_m/IISc_SYSPINProject_bho_m_INDI_01559.wav|भारत में खुदरा बिक्री के मतलब होला छुट्टा खरीदारी जईसे तन्नी तन्नि समान खरीदल जाला|6.722|bho_m|IISc_SYSPINProject_bho_m_INDI_01559|INDIA RELATED
data/processed/syspin_24k/bho_m/IISc_SYSPINProject_bho_m_INDI_01564.wav|भारत के जनसंख्या लगभग डेढ़ अरब के करीब जल्दी ही पहुंचा वाला बा|5.560|bho_m|IISc_SYSPINProject_bho_m_INDI_01564|INDIA RELATED
data/processed/syspin_24k/bho_m/IISc_SYSPINProject_bho_m_INDI_01596.wav|लूंगी गांधी जी के प्रिय कपड़ा रहल आउर पहिले के जमाना मे जादा तर लोग लूंगी ही पहिनत रहलन|7.281|bho_m|IISc_SYSPINProject_bho_m_INDI_01596|INDIA RELATED
data/processed/syspin_24k/bho_m/IISc_SYSPINProject_bho_m_INDI_01646.wav|प्रोटो द्रविड़ियन भाषा पाँच लघु आऊर दीर्घ स्वरन के बीच तुलना करेला|5.980|bho_m|IISc_SYSPINProject_bho_m_INDI_01646|INDIA RELATED
data/processed/syspin_24k/bho_m/IISc_SYSPINProject_bho_m_INDI_01678.wav|रोईस रोवेल दू हजार पंद्रह भारतीय संगीत के ट्यूनिंग, स्केल, मोड, लय, इशारा, औपचारिक पैटर्न सब के पुनर्निर्माण करेलन|9.720|bho_m|IISc_SYSPINProject_bho_m_INDI_01678|INDIA RELATED
data/processed/syspin_24k/bho_m/IISc_SYSPINProject_bho_m_INDI_01737.wav|सिन्दूर दू रुप के होला एगो लाल, एगो पीला ,ई औरत लोग मांग में लगावेलीन|5.700|bho_m|IISc_SYSPINProject_bho_m_INDI_01737|INDIA RELATED
data/processed/syspin_24k/bho_m/IISc_SYSPINProject_bho_m_INDI_01787.wav|प्रो कबड्डी में परदीप नरवाल टॉप रेडर रहल बाड़न|4.100|bho_m|IISc_SYSPINProject_bho_m_INDI_01787|INDIA RELATED
data/processed/syspin_24k/bho_m/IISc_SYSPINProject_bho_m_INDI_01847.wav|किर्गिस्तान इस्लाम के संग एगो बहु जातीय आउर बहु धार्मिक देश हवे, सुन्नी, शिया, अहमदीया, बौद्ध धर्म शामिल हवे|8.836|bho_m|IISc_SYSPINProject_bho_m_INDI_01847|INDIA RELATED
data/processed/syspin_24k/bho_m/IISc_SYSPINProject_bho_m_INDI_01878.wav|इंडो इस्लामिक आर्किटेक्चर उ समय हिंदू वास्तुकला में भवन निर्माण में पत्थर स्तंभ आउर शहतीर के प्रयोग करल जाला|9.400|bho_m|IISc_SYSPINProject_bho_m_INDI_01878|INDIA RELATED
data/processed/syspin_24k/bho_m/IISc_SYSPINProject_bho_m_INDI_01891.wav|पार्श्वनाथ भगवान तीस साल के उमर में ही घर त्याग कर संन्यासी हो गइल रहलन|5.820|bho_m|IISc_SYSPINProject_bho_m_INDI_01891|INDIA RELATED
data/processed/syspin_24k/bho_m/IISc_SYSPINProject_bho_m_INDI_02004.wav|स्नैक बोट रेस वल्लम कली तमिलनाडु केरला में नइया के खेल होला|5.080|bho_m|IISc_SYSPINProject_bho_m_INDI_02004|INDIA RELATED
data/processed/syspin_24k/bho_m/IISc_SYSPINProject_bho_m_INDI_02022.wav|दक्षिण अफ्रीका के खेल मे विराट कोहली के दलीप ट्रॉफी मिलल रहल|4.524|bho_m|IISc_SYSPINProject_bho_m_INDI_02022|INDIA RELATED
data/processed/syspin_24k/bho_m/IISc_SYSPINProject_bho_m_INDI_02097.wav|विकिपीडिया दुनिया ज्ञान के संकलन रउआ जानत बानी रउआ का खोजत बानी, फिर विकिपीडिया खोज बॉक्स में टाइप करी|7.620|bho_m|IISc_SYSPINProject_bho_m_INDI_02097|INDIA RELATED
data/processed/syspin_24k/bho_m/IISc_SYSPINProject_bho_m_INDI_02109.wav|अर्जुन आउर सुभद्रा राजा रवि वर्मा के एगो सुन्दर रचना हवे|4.380|bho_m|IISc_SYSPINProject_bho_m_INDI_02109|INDIA RELATED
data/processed/syspin_24k/bho_m/IISc_SYSPINProject_bho_m_INDI_02133.wav|भारत तिब्बती सीमा पुलिस भारत के एगो सीमा गश्ती संगठन हवे|4.552|bho_m|IISc_SYSPINProject_bho_m_INDI_02133|INDIA RELATED
data/processed/syspin_24k/bho_m/IISc_SYSPINProject_bho_m_INDI_02158.wav|परिचय सीखीं यूट्यूब जइसन लोकप्रिय प्लेटफार्म पर ट्यूटोरियल मिल सकेला|5.210|bho_m|IISc_SYSPINProject_bho_m_INDI_02158|INDIA RELATED
data/processed/syspin_24k/bho_m/IISc_SYSPINProject_bho_m_INDI_02207.wav|भारत एगो जटिल पेंशन प्रणाली चलावेला हालाँकि भारतीय पेंशन प्रणाली के तीन गो प्रमुख स्तंभ बाड़ें|7.600|bho_m|IISc_SYSPINProject_bho_m_INDI_02207|INDIA RELATED
data/processed/syspin_24k/bho_m/IISc_SYSPINProject_bho_m_INDI_02265.wav|भारतीय शास्त्रीय नृत्य, निम्नलिखित कथन पर विचार करीं|4.100|bho_m|IISc_SYSPINProject_bho_m_INDI_02265|INDIA RELATED
data/processed/syspin_24k/bho_m/IISc_SYSPINProject_bho_m_INDI_02299.wav|त्रिमूर्ति नाम से एगो मंदील, एगो पिच्चर आउर बनारस में एगो बहुत बड़ा हॉस्पिटल भी ह|5.619|bho_m|IISc_SYSPINProject_bho_m_INDI_02299|INDIA RELATED
data/processed/syspin_24k/bho_m/IISc_SYSPINProject_bho_m_INDI_02345.wav|भारत के जनसांख्यिकी में माल्थस के जन संख्या सिद्धांत दिखाई दे ला|5.150|bho_m|IISc_SYSPINProject_bho_m_INDI_02345|INDIA RELATED
data/processed/syspin_24k/bho_m/IISc_SYSPINProject_bho_m_INDI_02357.wav|दुरगाकुंड मे इंडिया ए कंट्री स्टडी के एगो नयका कोचिंग खुलल ह|4.460|bho_m|IISc_SYSPINProject_bho_m_INDI_02357|INDIA RELATED
data/processed/syspin_24k/bho_m/IISc_SYSPINProject_bho_m_INDI_02371.wav|भारतीय नंबरिंग सिस्टम में संख्या, इकाई, दहाई, सैकड़ा, हजार, दस हजार के रूप में लिखल जाला|7.673|bho_m|IISc_SYSPINProject_bho_m_INDI_02371|INDIA RELATED
data/processed/syspin_24k/bho_m/IISc_SYSPINProject_bho_m_INDI_02477.wav|मेंनांडर इंडो ग्रीक किंगडम के राजा बनावल गयिल रहल|4.730|bho_m|IISc_SYSPINProject_bho_m_INDI_02477|INDIA RELATED
data/processed/syspin_24k/bho_m/IISc_SYSPINProject_bho_m_INDI_02499.wav|भारत में रेल के इतिहास ही बहुत मजेदार हवे पहिलका ट्रैन में लगभग चार सौ लोग सफर कइले रहलन|6.884|bho_m|IISc_SYSPINProject_bho_m_INDI_02499|INDIA RELATED
data/processed/syspin_24k/bho_m/IISc_SYSPINProject_bho_m_INDI_02583.wav|कर्म एगो वैचारिक सिद्धांत के भी संदर्भित करल हवे, जेके अक्सर वर्णनात्मक रूप से कर्म के सिद्धांत कहल जाला|8.150|bho_m|IISc_SYSPINProject_bho_m_INDI_02583|INDIA RELATED
data/processed/syspin_24k/bho_m/IISc_SYSPINProject_bho_m_INDI_02636.wav|दक्षिण चीन के मांगिक भाषा भूमिज, हो, मुंडारी अउर संताली उल्लेखनीय मुंडा भाषा हवे|7.566|bho_m|IISc_SYSPINProject_bho_m_INDI_02636|INDIA RELATED
data/processed/syspin_24k/bho_m/IISc_SYSPINProject_bho_m_INDI_02723.wav|नैतिकता आऊर सामाजिक विज्ञान में, मूल्य कउनो चीज़ या कार्रवाई के महत्व के डिग्री के दर्शावेला|6.830|bho_m|IISc_SYSPINProject_bho_m_INDI_02723|INDIA RELATED
data/processed/syspin_24k/bho_m/IISc_SYSPINProject_bho_m_INDI_02751.wav|सामुदायिक पोर्टल एगो डाइरेक्टरी ह जवना में रउरा कंपनी के इंट्रानेट पर उपलब्ध सगरी सामुदायिक साइट के सूची बा|7.780|bho_m|IISc_SYSPINProject_bho_m_INDI_02751|INDIA RELATED
data/processed/syspin_24k/bho_m/IISc_SYSPINProject_bho_m_INDI_02771.wav|भारत के जनसांख्यिकी के अनुसार ए समय भारत के जनसंख्या लगभग एक सौ पैतालीस करोड़ हवे|6.870|bho_m|IISc_SYSPINProject_bho_m_INDI_02771|INDIA RELATED
data/processed/syspin_24k/bho_m/IISc_SYSPINProject_bho_m_INDI_02839.wav|दू हजार इक्कीस में पूरे भारत में प्रिंट उद्योग के मूल्य दू सौ पच्चीस बिलियन भारतीय रुपये से अधिक रहल|7.639|bho_m|IISc_SYSPINProject_bho_m_INDI_02839|INDIA RELATED
data/processed/syspin_24k/bho_m/IISc_SYSPINProject_bho_m_INDI_02848.wav|अधिकतर तिब्बती बरमन भाषा दूर दराज के पहाड़ी इलाका में बोलल जाला|6.004|bho_m|IISc_SYSPINProject_bho_m_INDI_02848|INDIA RELATED
data/processed/syspin_24k/bho_m/IISc_SYSPINProject_bho_m_INDI_02871.wav|डिंडीगुल जिला तमिलनाडु के सबसे बड़ जिला हवे|3.430|bho_m|IISc_SYSPINProject_bho_m_INDI_02871|INDIA RELATED
data/processed/syspin_24k/bho_m/IISc_SYSPINProject_bho_m_INDI_03018.wav|शाओलिन कुंग फू जेकरा के शाओलिन वुशु शाओलिन क्वान भी कहल जाला वुशु के पुरान बड़हन बा|7.710|bho_m|IISc_SYSPINProject_bho_m_INDI_03018|INDIA RELATED
data/processed/syspin_24k/bho_m/IISc_SYSPINProject_bho_m_INDI_03329.wav|भारतीय दर्शन के किताब के बहुत सारा कलेक्शन हमरे लगे भी हवे|4.280|bho_m|IISc_SYSPINProject_bho_m_INDI_03329|INDIA RELATED
data/processed/syspin_24k/bho_m/IISc_SYSPINProject_bho_m_INDI_03501.wav|हिन्दी के कईठे मतलब होला जईसे हिन्दी भाषा, हिन्दी विषय आउर हिन्दी साहित्य|5.130|bho_m|IISc_SYSPINProject_bho_m_INDI_03501|INDIA RELATED
data/processed/syspin_24k/bho_m/IISc_SYSPINProject_bho_m_INDI_03519.wav|मार्डी ग्रास एगो उत्सव होला जवन क्रिसमस के बारह दिना बाद शुरू होला कई हप्ता तक चलेला|6.510|bho_m|IISc_SYSPINProject_bho_m_INDI_03519|INDIA RELATED
data/processed/syspin_24k/bho_m/IISc_SYSPINProject_bho_m_INDI_03534.wav|कोलकाता में साल्ट लेक स्टेडियम, विवेकानंद युवा भारती क्रीडांगन के नाम से जानल जाला|6.153|bho_m|IISc_SYSPINProject_bho_m_INDI_03534|INDIA RELATED
data/processed/syspin_24k/bho_m/IISc_SYSPINProject_bho_m_INDI_03552.wav|साहित्य अनुभव के विश्लेषण आउर निष्कर्ष के संश्लेषण के एकता में बदल के होवे के चाही|6.240|bho_m|IISc_SYSPINProject_bho_m_INDI_03552|INDIA RELATED
data/processed/syspin_24k/bho_m/IISc_SYSPINProject_bho_m_LOCA_00253.wav|विनीत कुमार के फीलिं मसान, द्रोहकाल, कच्चे धागे, अक्स, ये दिल, सोच, शूल अउर महारानी बाटे|8.500|bho_m|IISc_SYSPINProject_bho_m_LOCA_00253|LOCAL CONVERSATION
data/processed/syspin_24k/bho_m/IISc_SYSPINProject_bho_m_LOCA_00295.wav|आरती ठाकुर एक शिक्षा विद्वान बाटी बाद में इ पूजा पाठ गायक बन गइलीन|5.980|bho_m|IISc_SYSPINProject_bho_m_LOCA_00295|LOCAL CONVERSATION
data/processed/syspin_24k/bho_m/IISc_SYSPINProject_bho_m_LOCA_00428.wav|चुकास छह सौ सत्रह से छह सौ तेइस तक ऑस्ट्रेलिया के महल के मेयर रहल.|5.660|bho_m|IISc_SYSPINProject_bho_m_LOCA_00428|LOCAL CONVERSATION
data/processed/syspin_24k/bho_m/IISc_SYSPINProject_bho_m_LOCA_00436.wav|छाछ दुध मक्खन निकाले के बनेला|3.800|bho_m|IISc_SYSPINProject_bho_m_LOCA_00436|LOCAL CONVERSATION
data/processed/syspin_24k/bho_m/IISc_SYSPINProject_bho_m_LOCA_00566.wav|माहुर हिंदू भगवान दत्तात्रेय के जन्मस्थान ह|3.683|bho_m|IISc_SYSPINProject_bho_m_LOCA_00566|LOCAL CONVERSATION
data/processed/syspin_24k/bho_m/IISc_SYSPINProject_bho_m_LOCA_00572.wav|मोथा एक बहुवर्षीय सेज़ वर्गीय पौधा ह|3.660|bho_m|IISc_SYSPINProject_bho_m_LOCA_00572|LOCAL CONVERSATION
data/processed/syspin_24k/bho_m/IISc_SYSPINProject_bho_m_LOCA_00617.wav|सोले सिनिमा में कैस्टो मुखर्जी हजाम के रोल में बेहतरीन एक्टिंग कइले रहलन|5.500|bho_m|IISc_SYSPINProject_bho_m_LOCA_00617|LOCAL CONVERSATION
data/processed/syspin_24k/bho_m/IISc_SYSPINProject_bho_m_LOCA_00661.wav|राधा रानी के जन्मोत्सव के रूप में राधा अष्टमी के त्योहार मनावल जाला|4.730|bho_m|IISc_SYSPINProject_bho_m_LOCA_00661|LOCAL CONVERSATION
data/processed/syspin_24k/bho_m/IISc_SYSPINProject_bho_m_LOCA_00741.wav|हुमाद के लकड़ी पूजा में काम आवेला जवन की अब ऑनलाइन फ्लिपकार्ट पर भी मिलेला|5.880|bho_m|IISc_SYSPINProject_bho_m_LOCA_00741|LOCAL CONVERSATION
data/processed/syspin_24k/bho_m/IISc_SYSPINProject_bho_m_LOCA_00792.wav|दरभंगा घाट बिहार के घाट अउर संस्कृति के गुण के बता देला|4.960|bho_m|IISc_SYSPINProject_bho_m_LOCA_00792|LOCAL CONVERSATION
data/processed/syspin_24k/bho_m/IISc_SYSPINProject_bho_m_LOCA_00833.wav|पचइंयां भारत के उत्तराखंड राज्य के कुमाऊ मंडल के बागेश्वर जिला के एक गांव होला|6.640|bho_m|IISc_SYSPINProject_bho_m_LOCA_00833|LOCAL CONVERSATION
data/processed/syspin_24k/bho_m/IISc_SYSPINProject_bho_m_LOCA_00840.wav|नागार्जुन कि इन्दु जी क्या हुआ आपको कविता इंदिरा गांधी के सिंघासन हिला देहले रहल|6.400|bho_m|IISc_SYSPINProject_bho_m_LOCA_00840|LOCAL CONVERSATION
data/processed/syspin_24k/bho_m/IISc_SYSPINProject_bho_m_LOCA_00853.wav|बनारसी पान बर्फी के तरे बहुत निक लगेला|3.500|bho_m|IISc_SYSPINProject_bho_m_LOCA_00853|LOCAL CONVERSATION
data/processed/syspin_24k/bho_m/IISc_SYSPINProject_bho_m_LOCA_01193.wav|चंद्रप्रभा अभयारण्य एक बढ़िया अति सुंदर पहाड़ी से घिरल पर्यटक स्थल हवे|5.760|bho_m|IISc_SYSPINProject_bho_m_LOCA_01193|LOCAL CONVERSATION
data/processed/syspin_24k/bho_m/IISc_SYSPINProject_bho_m_LOCA_01198.wav|मथुरा में गुरु पूर्णिमा पर गोवर्धन के मुड़िया मेले में आस्था अउर परंपरा के अद्भुत संगम दिखाई देवत हवे|8.150|bho_m|IISc_SYSPINProject_bho_m_LOCA_01198|LOCAL CONVERSATION
data/processed/syspin_24k/bho_m/IISc_SYSPINProject_bho_m_LOCA_01259.wav|अनामिका के राजभाषा परिषद् पुरस्कार से सम्मानित करल गइल हवे|4.560|bho_m|IISc_SYSPINProject_bho_m_LOCA_01259|LOCAL CONVERSATION
data/processed/syspin_24k/bho_m/IISc_SYSPINProject_bho_m_LOCA_01412.wav|बनारस स्टेशन पर सुविधा के पूर्वोत्तर रेलवे बढाव देवे लगल हवे|5.180|bho_m|IISc_SYSPINProject_bho_m_LOCA_01412|LOCAL CONVERSATION
data/processed/syspin_24k/bho_m/IISc_SYSPINProject_bho_m_LOCA_01433.wav|राजेंद्र प्रसाद एक भारतीय राजनीतिज्ञ, वकील, भारतीय स्वतंत्रता कार्यकर्ता, आउर विद्वान रहलन|7.643|bho_m|IISc_SYSPINProject_bho_m_LOCA_01433|LOCAL CONVERSATION
data/processed/syspin_24k/bho_m/IISc_SYSPINProject_bho_m_LOCA_01444.wav|व्यवसाय लाभ कमाये के उद्देश्य से वस्तु अथवा सेवा .|4.480|bho_m|IISc_SYSPINProject_bho_m_LOCA_01444|LOCAL CONVERSATION
data/processed/syspin_24k/bho_m/IISc_SYSPINProject_bho_m_LOCA_01568.wav|ताल तलैया मे जब पानी भर जाला तब धान के रोपाई किसान लोग शुरू कर देवेलन|6.140|bho_m|IISc_SYSPINProject_bho_m_LOCA_01568|LOCAL CONVERSATION
data/processed/syspin_24k/bho_m/IISc_SYSPINProject_bho_m_LOCA_01589.wav|व्यवसाय उ एक आर्थिक क्रिया ह जेमन वस्तु या सेवा के आदान प्रदान होला|6.300|bho_m|IISc_SYSPINProject_bho_m_LOCA_01589|LOCAL CONVERSATION
data/processed/syspin_24k/bho_m/IISc_SYSPINProject_bho_m_LOCA_01618.wav|राष्ट्रीय हैंड लुम से लोगन के काम मिले ला जवन उनके रोजी रोटी के साधन बा|5.680|bho_m|IISc_SYSPINProject_bho_m_LOCA_01618|LOCAL CONVERSATION
data/processed/syspin_24k/bho_m/IISc_SYSPINProject_bho_m_LOCA_01751.wav|छट्ठी हिंदू धर्म में जन्म के छठवें दिन शाम में विशेष पूजा के बोलेलन|5.880|bho_m|IISc_SYSPINProject_bho_m_LOCA_01751|LOCAL CONVERSATION
data/processed/syspin_24k/bho_m/IISc_SYSPINProject_bho_m_LOCA_01763.wav|भदैनी घाट अकेला ही सम्पूर्ण वाराणसी के जल आवश्यकता के पूर्ति करेला|5.731|bho_m|IISc_SYSPINProject_bho_m_LOCA_01763|LOCAL CONVERSATION
data/processed/syspin_24k/bho_m/IISc_SYSPINProject_bho_m_LOCA_01770.wav|इस्कॉन मंदिर के पुजारी भगवान किशन के पूजा करेलन|3.558|bho_m|IISc_SYSPINProject_bho_m_LOCA_01770|LOCAL CONVERSATION
data/processed/syspin_24k/bho_m/IISc_SYSPINProject_bho_m_LOCA_01805.wav|बुढ़िया माई कहत बा कि बच्ची देख ग उखवा मे मिठाई हवे|4.360|bho_m|IISc_SYSPINProject_bho_m_LOCA_01805|LOCAL CONVERSATION
data/processed/syspin_24k/bho_m/IISc_SYSPINProject_bho_m_LOCA_01926.wav|चंद्र प्रभा वन्यजीव अभ्यारण्य वाराणसी के निकट चंदौली जिला में स्थित ह|5.580|bho_m|IISc_SYSPINProject_bho_m_LOCA_01926|LOCAL CONVERSATION
data/processed/syspin_24k/bho_m/IISc_SYSPINProject_bho_m_LOCA_02095.wav|जन्म के छह दिन बाद छट्ठी कर्म मनावल जात हवे, बच्चा के नाल झड़ जाए के बाद छट्ठी मनावल जात हवे|7.260|bho_m|IISc_SYSPINProject_bho_m_LOCA_02095|LOCAL CONVERSATION
data/processed/syspin_24k/bho_m/IISc_SYSPINProject_bho_m_LOCA_02141.wav|लालपुर म्युजियम वाराणसी के चांदमारी में ऐतिहासिक हवे|4.280|bho_m|IISc_SYSPINProject_bho_m_LOCA_02141|LOCAL CONVERSATION
data/processed/syspin_24k/bho_m/IISc_SYSPINProject_bho_m_LOCA_02173.wav|सर्किट हॉउस से ही शहर में पुरा जगह बिजली पहुंचावल जाला|3.930|bho_m|IISc_SYSPINProject_bho_m_LOCA_02173|LOCAL CONVERSATION
data/processed/syspin_24k/bho_m/IISc_SYSPINProject_bho_m_LOCA_02350.wav|एक्वा वर्ल्ड ए समर पैराडाइज मिर्जापुर सोनभद्र में बनल ह|4.920|bho_m|IISc_SYSPINProject_bho_m_LOCA_02350|LOCAL CONVERSATION
data/processed/syspin_24k/bho_m/IISc_SYSPINProject_bho_m_LOCA_02352.wav|मकर संक्रांति मेला में हर रंग के पतंग अउर मजबूत मांझा मिलेला|5.500|bho_m|IISc_SYSPINProject_bho_m_LOCA_02352|LOCAL CONVERSATION
data/processed/syspin_24k/bho_m/IISc_SYSPINProject_bho_m_LOCA_02366.wav|हैण्डलूम हथकरघा उत्पाद बनावे के लिए प्रसिद्ध होला.|4.460|bho_m|IISc_SYSPINProject_bho_m_LOCA_02366|LOCAL CONVERSATION
data/processed/syspin_24k/bho_m/IISc_SYSPINProject_bho_m_LOCA_02406.wav|समता पार्टी बिहार के पूर्व मुख्यमंत्री जीतन राम मांझी के पार्टी ह|4.680|bho_m|IISc_SYSPINProject_bho_m_LOCA_02406|LOCAL CONVERSATION
data/processed/syspin_24k/bho_m/IISc_SYSPINProject_bho_m_LOCA_02452.wav|नाक आउट द गेमिंग पैराडाइज बनारस के मलदहिया क्षेत्र में स्थित एक बैंकट हॉल हवे जहां तमाम तरह के आयोजन हो रहेला|9.144|bho_m|IISc_SYSPINProject_bho_m_LOCA_02452|LOCAL CONVERSATION
data/processed/syspin_24k/bho_m/IISc_SYSPINProject_bho_m_LOCA_02460.wav|तीसी के तेल स्वास्थ्य के लिहाज से बहुत बढ़िया मानल जाला जेकर पैदावारी कम होला|5.300|bho_m|IISc_SYSPINProject_bho_m_LOCA_02460|LOCAL CONVERSATION
data/processed/syspin_24k/bho_m/IISc_SYSPINProject_bho_m_LOCA_02501.wav|बचपन में हमनें खुब किरीया खाई कि सब हमार हवे|3.476|bho_m|IISc_SYSPINProject_bho_m_LOCA_02501|LOCAL CONVERSATION
data/processed/syspin_24k/bho_m/IISc_SYSPINProject_bho_m_LOCA_02510.wav|देवेन्द्रनाथ शर्मा के संबंध में जानकारी हिंदी समय पर भी उपलब्ध बा|5.285|bho_m|IISc_SYSPINProject_bho_m_LOCA_02510|LOCAL CONVERSATION
data/processed/syspin_24k/bho_m/IISc_SYSPINProject_bho_m_LOCA_02533.wav|तनचोई साड़ी बनारस में तनचोई साड़ी बनावे के बदे कारिगर लोग सोना अउर चाँदी के तार के उपयोग करेलन|7.600|bho_m|IISc_SYSPINProject_bho_m_LOCA_02533|LOCAL CONVERSATION
data/processed/syspin_24k/bho_m/IISc_SYSPINProject_bho_m_LOCA_02582.wav|अम्बेडकर पार्क बहुत ही सुन्दर ह जवने में हाथी बनावल गइल ह|4.500|bho_m|IISc_SYSPINProject_bho_m_LOCA_02582|LOCAL CONVERSATION
data/processed/syspin_24k/bho_m/IISc_SYSPINProject_bho_m_POLI_00084.wav|थॉमस हॉब्स खासतौर पर राज्यन के राजनीति के अवधारणा में बहुत महत्व के हस्ती रहलें|6.140|bho_m|IISc_SYSPINProject_bho_m_POLI_00084|POLITICS
data/processed/syspin_24k/bho_m/IISc_SYSPINProject_bho_m_POLI_00098.wav|संप्रभु राज्यों के वर्तमान सम्राटन के सूची ढूंढे में बहुत समय लागेला|5.760|bho_m|IISc_SYSPINProject_bho_m_POLI_00098|POLITICS
data/processed/syspin_24k/bho_m/IISc_SYSPINProject_bho_m_POLI_00102.wav|अंतर्राष्ट्रीय व्यापार से सामान्य रूप से पांच परसेंट शुल्क लगे ला|4.580|bho_m|IISc_SYSPINProject_bho_m_POLI_00102|POLITICS
data/processed/syspin_24k/bho_m/IISc_SYSPINProject_bho_m_POLI_00166.wav|ईस्ट इंडिया कंपनी एक अंग्रेज रहल अउर बाद में ब्रिटिश, ज्वाइंट स्टॉक कंपनी रहल|6.130|bho_m|IISc_SYSPINProject_bho_m_POLI_00166|POLITICS
data/processed/syspin_24k/bho_m/IISc_SYSPINProject_bho_m_POLI_00219.wav|मॉडेम राजनीति मॉडेम एक उपकरण होला जवन की सूचना के मोडूलेट अउर डीमोडूलेट करेला एकर उपयोग राजनिति में करल जाला|10.475|bho_m|IISc_SYSPINProject_bho_m_POLI_00219|POLITICS
data/processed/syspin_24k/bho_m/IISc_SYSPINProject_bho_m_POLI_00311.wav|आम चुनाव भी लोकतंत्र में एक त्यौहार होला|3.140|bho_m|IISc_SYSPINProject_bho_m_POLI_00311|POLITICS
data/processed/syspin_24k/bho_m/IISc_SYSPINProject_bho_m_POLI_00319.wav|इंडोनेशिया में उदार लोकतंत्र काल के दौरान जनता पर संसदीय लागू करल जाला.|5.970|bho_m|IISc_SYSPINProject_bho_m_POLI_00319|POLITICS
data/processed/syspin_24k/bho_m/IISc_SYSPINProject_bho_m_POLI_00681.wav|चुनावी चुप्पी आम चुनाव से पहिले या चुनाव के दौरान राजनीतिक प्रचार या मीडिया कवरेज पर रोक हवे|7.277|bho_m|IISc_SYSPINProject_bho_m_POLI_00681|POLITICS
data/processed/syspin_24k/bho_m/IISc_SYSPINProject_bho_m_POLI_00898.wav|निगमित के विबाद जादा दिना चलावल अच्छी बात नाहीं होला|4.760|bho_m|IISc_SYSPINProject_bho_m_POLI_00898|POLITICS
data/processed/syspin_24k/bho_m/IISc_SYSPINProject_bho_m_POLI_00907.wav|साधिकार पूर्णाधिकारी व्यक्ति होला जेकरे पास आपन सरकार के ओर से निर्णय लेवे आउर कारवाई करे के पूरी शक्ति होला.|9.710|bho_m|IISc_SYSPINProject_bho_m_POLI_00907|POLITICS
data/processed/syspin_24k/bho_m/IISc_SYSPINProject_bho_m_POLI_00911.wav|भारतीय नौसेना के वर्दी पर लगल बैज नीला रंग के होला|4.100|bho_m|IISc_SYSPINProject_bho_m_POLI_00911|POLITICS
data/processed/syspin_24k/bho_m/IISc_SYSPINProject_bho_m_POLI_00965.wav|वर्टिगो के मतलब होला कि आदमी एक्के जगहा खड़ा रहेला बाकि ओकरा लागेला कि ऊ गोल-गोल घूमत बा|6.960|bho_m|IISc_SYSPINProject_bho_m_POLI_00965|POLITICS
data/processed/syspin_24k/bho_m/IISc_SYSPINProject_bho_m_POLI_01041.wav|संकाय के छात्र या फिर सदस्य द्वारा बेवजह हस्तक्षेप के डर के बिना बौद्धिक विचार व्यक्त करके एकेडमिक फ्रीडम कहलजाला|9.586|bho_m|IISc_SYSPINProject_bho_m_POLI_01041|POLITICS
data/processed/syspin_24k/bho_m/IISc_SYSPINProject_bho_m_POLI_01062.wav|टॉप दू गो उम्मीदवार दुसरका चुनाव में जालें अउरी ई मतदाता आपन पसंदीदा चुनेलें|6.100|bho_m|IISc_SYSPINProject_bho_m_POLI_01062|POLITICS
data/processed/syspin_24k/bho_m/IISc_SYSPINProject_bho_m_POLI_01149.wav|भू स्खलन चुनाव में विपक्षी पार्टी के जमानत तक जप्त हो जाला|5.260|bho_m|IISc_SYSPINProject_bho_m_POLI_01149|POLITICS
data/processed/syspin_24k/bho_m/IISc_SYSPINProject_bho_m_POLI_01175.wav|भारत में ई शुद्ध खोरी के धंधा दिन रात चलत ह जेम्मे बहुत कम्पनी शामिल ह जईसे रिलायंस, अडानी ग्रुप|7.540|bho_m|IISc_SYSPINProject_bho_m_POLI_01175|POLITICS
data/processed/syspin_24k/bho_m/IISc_SYSPINProject_bho_m_POLI_01183.wav|बच्चों के अधिकार में विशेष सुरक्षा आउर नाबालिग के देखभाल के अधिकार पर विशेष ध्यान दियल जाला|7.240|bho_m|IISc_SYSPINProject_bho_m_POLI_01183|POLITICS
data/processed/syspin_24k/bho_m/IISc_SYSPINProject_bho_m_POLI_01253.wav|अपीलीय अदालत एक अपील के अदालत हवे जवन कि ट्रायल कोर्ट अन्य निचला ट्रिब्यूनल के अपील के अधीकृत हवे.|8.381|bho_m|IISc_SYSPINProject_bho_m_POLI_01253|POLITICS
data/processed/syspin_24k/bho_m/IISc_SYSPINProject_bho_m_POLI_01302.wav|राजनीतिक दार्शनिक में धर्म के रक्षक आवन जवने में चाणक्य के नाम सबसे पहिले आवेला|6.815|bho_m|IISc_SYSPINProject_bho_m_POLI_01302|POLITICS
data/processed/syspin_24k/bho_m/IISc_SYSPINProject_bho_m_POLI_01376.wav|हम अपने स्वदेश से बहुत प्यार करीला हमके बहुत गर्व होला की हम भारत देश में पैदा भइल हई|6.520|bho_m|IISc_SYSPINProject_bho_m_POLI_01376|POLITICS
data/processed/syspin_24k/bho_m/IISc_SYSPINProject_bho_m_POLI_01385.wav|शिष्ट लोकतंत्र आस्ट्रेलिया, कनाडा अउर आयरलैंड में भी बा|4.620|bho_m|IISc_SYSPINProject_bho_m_POLI_01385|POLITICS
data/processed/syspin_24k/bho_m/IISc_SYSPINProject_bho_m_POLI_01391.wav|निवेश नीति के माध्यम से देश में निवेश आकर्षित करल जाला|4.440|bho_m|IISc_SYSPINProject_bho_m_POLI_01391|POLITICS
data/processed/syspin_24k/bho_m/IISc_SYSPINProject_bho_m_POLI_01394.wav|स्वास्थ्य बीमा के बदे हम अपने बैंक में भी अप्लाई कईले हई|4.080|bho_m|IISc_SYSPINProject_bho_m_POLI_01394|POLITICS
data/processed/syspin_24k/bho_m/IISc_SYSPINProject_bho_m_POLI_01397.wav|सिविल सेवक के भरती मे अभ्यास के साथे मेडिकल भी मांगेला|4.560|bho_m|IISc_SYSPINProject_bho_m_POLI_01397|POLITICS
data/processed/syspin_24k/bho_m/IISc_SYSPINProject_bho_m_POLI_01411.wav|समाचार में देखावल गईल रहल की राजनीतिक संरक्षण में आशाराम बापू बढ़िया से फलल फूलल रहलन|6.880|bho_m|IISc_SYSPINProject_bho_m_POLI_01411|POLITICS
data/processed/syspin_24k/bho_m/IISc_SYSPINProject_bho_m_POLI_01436.wav|स्प्लिट टिकट मे एक चुनाव में एक मतदाता राजनीतिक दल उम्मीदवार केलिए वोट करेला.|6.680|bho_m|IISc_SYSPINProject_bho_m_POLI_01436|POLITICS
data/processed/syspin_24k/bho_m/IISc_SYSPINProject_bho_m_POLI_01446.wav|संविधान द्वारा राज्यों के अधिकार के स्पष्टीकरण कईल गईल बा|3.940|bho_m|IISc_SYSPINProject_bho_m_POLI_01446|POLITICS
data/processed/syspin_24k/bho_m/IISc_SYSPINProject_bho_m_POLI_01448.wav|सिविल सेवक में सबसे बड़ा पद डिस्ट्रिक्ट मजिस्ट्रेट यानी कि डीएम साहब के होला|5.700|bho_m|IISc_SYSPINProject_bho_m_POLI_01448|POLITICS
data/processed/syspin_24k/bho_m/IISc_SYSPINProject_bho_m_POLI_01489.wav|राजनीतिक सिद्धांत में हम जीवन के अलग अलग पहलु के अध्ययन करेलीं|5.130|bho_m|IISc_SYSPINProject_bho_m_POLI_01489|POLITICS
data/processed/syspin_24k/bho_m/IISc_SYSPINProject_bho_m_POLI_01625.wav|चुनावी धोखाधड़ी, जेकरा के कबो कबो चुनावी हेरफेर, मतदाता धोखाधड़ी या वोट में धांधली भी कहल जाला|7.920|bho_m|IISc_SYSPINProject_bho_m_POLI_01625|POLITICS
data/processed/syspin_24k/bho_m/IISc_SYSPINProject_bho_m_POLI_01653.wav|नकारात्मक अभियान के मतलब होला हमेशा ग़लत चीज के तरफ भाग|4.740|bho_m|IISc_SYSPINProject_bho_m_POLI_01653|POLITICS
data/processed/syspin_24k/bho_m/IISc_SYSPINProject_bho_m_POLI_01662.wav|कार्यकारिणी सरकार के उ अंग होला जवन राज्य के कानून के कार्यन्वित करेला आउर ओके लागू करेला|7.247|bho_m|IISc_SYSPINProject_bho_m_POLI_01662|POLITICS
data/processed/syspin_24k/bho_m/IISc_SYSPINProject_bho_m_POLI_01669.wav|भारत में कुल चौबीस सिविल सेवा के पद भरल जाला अउर वर्तमान में एकर जनक चार्ल्स कार्नवालिस हवन|7.700|bho_m|IISc_SYSPINProject_bho_m_POLI_01669|POLITICS
data/processed/syspin_24k/bho_m/IISc_SYSPINProject_bho_m_POLI_01703.wav|आयुष मंत्रालय स्वस्थय सेवा से सम्बन्धित रहेला|3.353|bho_m|IISc_SYSPINProject_bho_m_POLI_01703|POLITICS
data/processed/syspin_24k/bho_m/IISc_SYSPINProject_bho_m_POLI_01718.wav|किसानन के हक के जमीन छीनके अब कृषि नीति बनावत हउवे|4.690|bho_m|IISc_SYSPINProject_bho_m_POLI_01718|POLITICS
data/processed/syspin_24k/bho_m/IISc_SYSPINProject_bho_m_POLI_01731.wav|भारत सरकार के मंत्रालय आउर समूह के बारे में विस्तृत जानकारी के साथ साथ अन्य दस्तावेज भी पावे बदे जगह पर जाई|8.960|bho_m|IISc_SYSPINProject_bho_m_POLI_01731|POLITICS
data/processed/syspin_24k/bho_m/IISc_SYSPINProject_bho_m_POLI_01781.wav|केंद्र दक्षिण राजनीति राजनीतिक स्पेक्ट्रम के दाहिना ओर झुकल बा|5.460|bho_m|IISc_SYSPINProject_bho_m_POLI_01781|POLITICS
data/processed/syspin_24k/bho_m/IISc_SYSPINProject_bho_m_POLI_01913.wav|लेफ्टिनेंट गवर्नर वाइस गवर्नर राज्य के उच्च अधिकारी होला सटीक भूमिका अउर रैंक क्षेत्राधिकार से भिन्न होला.|7.710|bho_m|IISc_SYSPINProject_bho_m_POLI_01913|POLITICS
data/processed/syspin_24k/bho_m/IISc_SYSPINProject_bho_m_POLI_01986.wav|पौधों के अधिकार एक अईस अधिकार हौ जेकर पौधें हकदार होला.|5.420|bho_m|IISc_SYSPINProject_bho_m_POLI_01986|POLITICS
data/processed/syspin_24k/bho_m/IISc_SYSPINProject_bho_m_POLI_02037.wav|राज्यसभा में दू सौ पैंतालीस सदस्य बाड़े जवन सदस्य छे साल के कार्यकाल बईठेलें|6.280|bho_m|IISc_SYSPINProject_bho_m_POLI_02037|POLITICS
data/processed/syspin_24k/bho_m/IISc_SYSPINProject_bho_m_POLI_02161.wav|भारत के चुनावी प्रक्रिया बहुत ही पारदर्शी हवे|3.120|bho_m|IISc_SYSPINProject_bho_m_POLI_02161|POLITICS
data/processed/syspin_24k/bho_m/IISc_SYSPINProject_bho_m_POLI_02185.wav|विश्व क्रांति संगठित मजदूर वर्ग के सचेत क्रांतिकारी कार्रवाई के माध्यम से सब देश में पूंजीवाद के उखाड़ फेंकने के मार्क्सवादी अवधारणा ह|11.040|bho_m|IISc_SYSPINProject_bho_m_POLI_02185|POLITICS
data/processed/syspin_24k/bho_m/IISc_SYSPINProject_bho_m_POLI_02190.wav|आधुनिक राजनीति विज्ञान के अंतर्राष्ट्रीय सम्बन्ध अउर ई राजनीतिक सिद्धांत तीन गो उपविषय में बाँटल जा सकेला|8.640|bho_m|IISc_SYSPINProject_bho_m_POLI_02190|POLITICS
data/processed/syspin_24k/bho_m/IISc_SYSPINProject_bho_m_POLI_02285.wav|भारत के ऊर्जा नीति के झुकाव हरित ऊर्जा के तरफ अधिक हवे|4.460|bho_m|IISc_SYSPINProject_bho_m_POLI_02285|POLITICS
data/processed/syspin_24k/bho_m/IISc_SYSPINProject_bho_m_POLI_02297.wav|अंकीय अधिकार लोगन के सूचना तक पहुंच के आसान बना वेला|4.800|bho_m|IISc_SYSPINProject_bho_m_POLI_02297|POLITICS
data/processed/syspin_24k/bho_m/IISc_SYSPINProject_bho_m_SOCI_00061.wav|समय श्रृंखला के उदाहरण समुद्र के ज्वार के ऊँचाई, सनस्पॉट के गिनती अउर डॉव जोन्स इंडस्ट्रियल एवरेज के दैनिक समापन मूल्य हवे|9.560|bho_m|IISc_SYSPINProject_bho_m_SOCI_00061|SOCIAL
data/processed/syspin_24k/bho_m/IISc_SYSPINProject_bho_m_SOCI_00111.wav|ज्ञान मिमांसा आत्मा आउर परमात्मा के बीच के सीढी भी मान लन|5.020|bho_m|IISc_SYSPINProject_bho_m_SOCI_00111|SOCIAL
data/processed/syspin_24k/bho_m/IISc_SYSPINProject_bho_m_SOCI_00207.wav|मूल भेद सूक्ष्म समाजशास्त्र अउर स्थूल समाजशास्त्र के बीच बा|5.320|bho_m|IISc_SYSPINProject_bho_m_SOCI_00207|SOCIAL
data/processed/syspin_24k/bho_m/IISc_SYSPINProject_bho_m_SOCI_00222.wav|विलियम फ्लिंडर्स पेट्री के जायज तरीका से पुरातत्व के जनक कहल जा सके ला|5.380|bho_m|IISc_SYSPINProject_bho_m_SOCI_00222|SOCIAL
data/processed/syspin_24k/bho_m/IISc_SYSPINProject_bho_m_SOCI_00261.wav|अनुशासन हर जगहें बहुत ही ज्यादा जरूरी होला ठीक हवे न|4.420|bho_m|IISc_SYSPINProject_bho_m_SOCI_00261|SOCIAL
data/processed/syspin_24k/bho_m/IISc_SYSPINProject_bho_m_SOCI_00279.wav|आकृति विज्ञान यानी कि मार्फोलॉजी जीव विज्ञान के ही एक शाखा के कहलन|5.610|bho_m|IISc_SYSPINProject_bho_m_SOCI_00279|SOCIAL
data/processed/syspin_24k/bho_m/IISc_SYSPINProject_bho_m_SOCI_00313.wav|इतिहास के गलत समझल जा सकेला काहे कि ई एगो अधूरा कहानी देखावेला|6.060|bho_m|IISc_SYSPINProject_bho_m_SOCI_00313|SOCIAL
data/processed/syspin_24k/bho_m/IISc_SYSPINProject_bho_m_SOCI_00333.wav|ऐतिहासिक पुरातत्व विभाग के काम किला में से मिलल पुराना सामान के सुरक्षित रखे और जानकारी प्राप्त करे होला|8.220|bho_m|IISc_SYSPINProject_bho_m_SOCI_00333|SOCIAL
data/processed/syspin_24k/bho_m/IISc_SYSPINProject_bho_m_SOCI_00359.wav|क्रिस्टोफर एलेग्जेंडर सहरी सिद्धांत के सूची में शामिल हवन|4.364|bho_m|IISc_SYSPINProject_bho_m_SOCI_00359|SOCIAL
data/processed/syspin_24k/bho_m/IISc_SYSPINProject_bho_m_SOCI_00532.wav|लैंगिक अध्ययन समाज में उन्निस सौ साठ के अंत में शुरू भईल रहल|4.980|bho_m|IISc_SYSPINProject_bho_m_SOCI_00532|SOCIAL
data/processed/syspin_24k/bho_m/IISc_SYSPINProject_bho_m_SOCI_00533.wav|लैंगिक अध्ययन से आज समाज में भ्रुण हत्या आज बहुत तेजी से बढ़ रहल बा|5.860|bho_m|IISc_SYSPINProject_bho_m_SOCI_00533|SOCIAL
data/processed/syspin_24k/bho_m/IISc_SYSPINProject_bho_m_SOCI_00580.wav|समाजवादी अऊरी अर्थशास्त्री के सूची कार्ल मार्क्स, रिचर्ड डी वोल्फ, एडवर्ड कारडेल्ज, जॉन ई रोमर हवे|8.700|bho_m|IISc_SYSPINProject_bho_m_SOCI_00580|SOCIAL
data/processed/syspin_24k/bho_m/IISc_SYSPINProject_bho_m_SOCI_00694.wav|सूचना विज्ञान पुनर्प्राप्ति, आवाजाही, प्रसार अउर जानकारी के सुरक्षा से संबंधित बाटे|7.680|bho_m|IISc_SYSPINProject_bho_m_SOCI_00694|SOCIAL
data/processed/syspin_24k/bho_m/IISc_SYSPINProject_bho_m_SOCI_00700.wav|राजनीतिक अर्थव्यवस्था कउनो समाज में राजनीतिक आऊर आर्थिक सत्ता के बँटवारे के जानकारी देला|6.620|bho_m|IISc_SYSPINProject_bho_m_SOCI_00700|SOCIAL
data/processed/syspin_24k/bho_m/IISc_SYSPINProject_bho_m_SOCI_00728.wav|लोग संस्कृति आउर कला के हल्के में ले लेलन|3.220|bho_m|IISc_SYSPINProject_bho_m_SOCI_00728|SOCIAL
data/processed/syspin_24k/bho_m/IISc_SYSPINProject_bho_m_SOCI_00893.wav|भंडारण गृह अथवा गोदाम शब्द एक दूसरे के पर्यायवाची ह अतह जहाँ वस्तुओं के संग्रहित करल जात ह|8.100|bho_m|IISc_SYSPINProject_bho_m_SOCI_00893|SOCIAL
data/processed/syspin_24k/bho_m/IISc_SYSPINProject_bho_m_SOCI_01161.wav|शैक्षिक मनोविज्ञान में मानव परिपक्वता के अध्ययन करल जाला|4.480|bho_m|IISc_SYSPINProject_bho_m_SOCI_01161|SOCIAL
data/processed/syspin_24k/bho_m/IISc_SYSPINProject_bho_m_SOCI_01356.wav|हड़प्पा अउर मोहन जोदाड़ो जईसन साफ सुथरा अउर समृद्ध सभ्यतन में लोक सेवकन के अनुशासित अउर अविनाशी कैडर होवे के चाहीं|10.660|bho_m|IISc_SYSPINProject_bho_m_SOCI_01356|SOCIAL
data/processed/syspin_24k/bho_m/IISc_SYSPINProject_bho_m_SOCI_01447.wav|लोकहित जनहित के कार्यरत बनावे बदे चालू करावल गईल हवे|5.220|bho_m|IISc_SYSPINProject_bho_m_SOCI_01447|SOCIAL
data/processed/syspin_24k/bho_m/IISc_SYSPINProject_bho_m_SOCI_01448.wav|सारी सिद्धांत के सूची में वाटर बॉक्स शामिल हयन|3.840|bho_m|IISc_SYSPINProject_bho_m_SOCI_01448|SOCIAL
data/processed/syspin_24k/bho_m/IISc_SYSPINProject_bho_m_SOCI_01470.wav|प्रसिद्ध नृवैज्ञानिक लोग में रूथ बेनेडिक्ट, फ्रांज बोआस, एला डेलोरिया आउर जेम्स जॉर्ज फ्रेजर शामिल बाड़ें|8.480|bho_m|IISc_SYSPINProject_bho_m_SOCI_01470|SOCIAL
data/processed/syspin_24k/bho_m/IISc_SYSPINProject_bho_m_SOCI_01494.wav|कई देशो के राजनीति के बीच तुलना करे बदे आऊर उनहने के खूबी जाने बदे तुलनात्मक राजनीति के प्रयोग करल जाला|8.980|bho_m|IISc_SYSPINProject_bho_m_SOCI_01494|SOCIAL
data/processed/syspin_24k/bho_m/IISc_SYSPINProject_bho_m_SOCI_01651.wav|व्यवहार आदमी के पास एक अचूक हथियार के समान हवे जेकरे सही इस्तेमाल से कउनो प्रकार जीत हासिल हो सके ला|8.820|bho_m|IISc_SYSPINProject_bho_m_SOCI_01651|SOCIAL
data/processed/syspin_24k/bho_m/IISc_SYSPINProject_bho_m_SOCI_01656.wav|पूरे ब्रह्मांड के स्थानिक आकार अज्ञात हवे देखने योग्य ब्रह्मांड के आकार के मापना संभव हवे|7.380|bho_m|IISc_SYSPINProject_bho_m_SOCI_01656|SOCIAL
data/processed/syspin_24k/bho_m/IISc_SYSPINProject_bho_m_SOCI_01746.wav|अर्थशास्त्र में आँकड़ा विशेष अनुमान पर पहुँचे बदे संख्यात्मक डेटा के मिलान होले|7.000|bho_m|IISc_SYSPINProject_bho_m_SOCI_01746|SOCIAL
data/processed/syspin_24k/bho_m/IISc_SYSPINProject_bho_m_SOCI_01770.wav|दिल्ली के प्रदूषण देख के लगत हौ वहाँ पर्यावरण प्रबंधन के व्यवस्था ना हौ|5.960|bho_m|IISc_SYSPINProject_bho_m_SOCI_01770|SOCIAL
data/processed/syspin_24k/bho_m/IISc_SYSPINProject_bho_m_SOCI_01974.wav|मनोविज्ञान के इतिहास में विलियम वांट के नाम प्रमुख हवे|4.140|bho_m|IISc_SYSPINProject_bho_m_SOCI_01974|SOCIAL
data/processed/syspin_24k/bho_m/IISc_SYSPINProject_bho_m_SOCI_01991.wav|पुस्तकालय संचालन पर सबसे पहिला पाठ सोलह सौ सताइस में फ्रांसीसी विद्वान गेब्रियल नोडे द्वारा प्रकाशित कईल गईल|9.420|bho_m|IISc_SYSPINProject_bho_m_SOCI_01991|SOCIAL
data/processed/syspin_24k/bho_m/IISc_SYSPINProject_bho_m_SOCI_02031.wav|नैदानिक चिकित्सा मनोविज्ञान रूप से आधारित संकट शिथिलता के समझे,रोके आउर राहत देवे के बढ़ावा के प्रयोजन हवे.|9.659|bho_m|IISc_SYSPINProject_bho_m_SOCI_02031|SOCIAL
data/processed/syspin_24k/bho_m/IISc_SYSPINProject_bho_m_SOCI_02091.wav|एकर विकास राज्य के अर्थतंत्र के अध्ययन के उद्देश्य से करल गईल रहे, ऐहि खातिर एकर नाम पॉलिटिकल इकनॉमी पड़ल|8.720|bho_m|IISc_SYSPINProject_bho_m_SOCI_02091|SOCIAL
data/processed/syspin_24k/bho_m/IISc_SYSPINProject_bho_m_SOCI_02124.wav|तत्त्वमीमांसा दर्शन के शाखा होला अउर वास्तविक मे मौलिक प्रकृति के अध्ययन होला.|7.100|bho_m|IISc_SYSPINProject_bho_m_SOCI_02124|SOCIAL
data/processed/syspin_24k/bho_m/IISc_SYSPINProject_bho_m_SOCI_02139.wav|बी.एस.सी से बिजनेस, एजुकेशन, साइंस या टेक्नोलॉजी जइसन क्षेत्र में काम कर सकीलें|7.000|bho_m|IISc_SYSPINProject_bho_m_SOCI_02139|SOCIAL
data/processed/syspin_24k/bho_m/IISc_SYSPINProject_bho_m_SOCI_02174.wav|पर्यावरण भूगोल में पूरी दुनिया में पर्यावरण के विकास के मूल्यांकन करल जाला|5.460|bho_m|IISc_SYSPINProject_bho_m_SOCI_02174|SOCIAL
data/processed/syspin_24k/bho_m/IISc_SYSPINProject_bho_m_SOCI_02221.wav|विकासवादी नृविज्ञान समझे खातिर एगो शक्तिशाली सैद्धांतिक ढांचा प्रदान करेला|6.580|bho_m|IISc_SYSPINProject_bho_m_SOCI_02221|SOCIAL
data/processed/syspin_24k/bho_m/IISc_SYSPINProject_bho_m_SOCI_02304.wav|एगो पुस्तक लिखित, मुद्रित, सचित्र चादरों के सेट हवे, स्याही,कागज, सामन से बनल होला|7.430|bho_m|IISc_SYSPINProject_bho_m_SOCI_02304|SOCIAL
data/processed/syspin_24k/bho_m/IISc_SYSPINProject_bho_m_SOCI_02346.wav|गणितीय भाषाविज्ञान एन.एल.पी में रुचि वाला कंप्यूटर वैज्ञानिकन अउर गणितज्ञन बदे भाषाविज्ञान के गणितीय नींव हवे|9.840|bho_m|IISc_SYSPINProject_bho_m_SOCI_02346|SOCIAL
data/processed/syspin_24k/bho_m/IISc_SYSPINProject_bho_m_SOCI_02358.wav|प्रबंधन को सिद्धांतकार ने नागरिक प्रबंधक खातिर सबक प्रदान करे के रूप मे प्राचीन सैन्य ग्रंथ के हवेला देहले हवे|9.380|bho_m|IISc_SYSPINProject_bho_m_SOCI_02358|SOCIAL
data/processed/syspin_24k/bho_m/IISc_SYSPINProject_bho_m_SOCI_02370.wav|मौखिक आऊर लिखित ऐतिहासिक स्रोत से आशा शास्त्र के जनम होला|5.070|bho_m|IISc_SYSPINProject_bho_m_SOCI_02370|SOCIAL
data/processed/syspin_24k/bho_m/IISc_SYSPINProject_bho_m_SOCI_02581.wav|तंत्रिका मनोविज्ञान में हम आज तोहके मानव के मस्तिष्क के कार्य के बारे में बताइब|5.740|bho_m|IISc_SYSPINProject_bho_m_SOCI_02581|SOCIAL
data/processed/syspin_24k/bho_m/IISc_SYSPINProject_bho_m_SOCI_02615.wav|जैव अर्थव्यवस्था विषय अर्थशास्त्र के एक स्कूल होला जेमन आर्थिक सिध्दांत के लिए सांख्यिकीय यांत्रिक लागू होला.|9.700|bho_m|IISc_SYSPINProject_bho_m_SOCI_02615|SOCIAL
data/processed/syspin_24k/bho_m/IISc_SYSPINProject_bho_m_SOCI_02658.wav|धर्म के सुरुआती मनोविज्ञानी लोग एह दिक्कत के बारे में पूरा तरीका से जानत रहल|6.560|bho_m|IISc_SYSPINProject_bho_m_SOCI_02658|SOCIAL
data/processed/syspin_24k/bho_m/IISc_SYSPINProject_bho_m_SOCI_02681.wav|सूचना विज्ञान के इतिहास अति प्राचीन हवे जब कबूतर के द्वारा सूचना भेजवावल जात रहल|6.800|bho_m|IISc_SYSPINProject_bho_m_SOCI_02681|SOCIAL
data/processed/syspin_24k/bho_m/IISc_SYSPINProject_bho_m_SOCI_02713.wav|अर्थशास्त्र के इतिहास हमने के सन् सत्रह सौ तेईस से देखे के मिले ला|5.000|bho_m|IISc_SYSPINProject_bho_m_SOCI_02713|SOCIAL
data/processed/syspin_24k/bho_m/IISc_SYSPINProject_bho_m_SOCI_02722.wav|शैक्षिक मनोविज्ञान दु ओर से आकर्षित होला आउर इसमे योगदान देहल जाला सज्ञानात्मक विज्ञान आउर सीख के विज्ञान ह|9.360|bho_m|IISc_SYSPINProject_bho_m_SOCI_02722|SOCIAL
data/processed/syspin_24k/bho_m/IISc_SYSPINProject_bho_m_SOCI_02725.wav|स्वरविज्ञान फोन के एक सार वर्गीकरण होला जेमन सबसे छोटी इकाई के रूप मे भी परिभाषित करेला.|8.420|bho_m|IISc_SYSPINProject_bho_m_SOCI_02725|SOCIAL
data/processed/syspin_24k/bho_m/IISc_SYSPINProject_bho_m_SOCI_02735.wav|रोनाल्ड कोसे ओनइस सौ सयतीस में फर्म के आपने लेन देन लागत सिद्धांत के निर्धारित कइलन|7.569|bho_m|IISc_SYSPINProject_bho_m_SOCI_02735|SOCIAL
data/processed/syspin_24k/bho_m/IISc_SYSPINProject_bho_m_SOCI_02740.wav|राजनीति मीमांसा जे के सार्वजनिक एजेंट आउर संस्थान के प्रकृति, कार्यक्षेत्र आउर वैध्यता के बीच संबंध के बारे में हवे|9.730|bho_m|IISc_SYSPINProject_bho_m_SOCI_02740|SOCIAL
data/processed/syspin_24k/bho_m/IISc_SYSPINProject_bho_m_SOCI_02770.wav|नेशनल नथिंग डे बिदेस में मनावल जाला इ बिदेसी दिवस के रूप में जानल जाला|6.340|bho_m|IISc_SYSPINProject_bho_m_SOCI_02770|SOCIAL
data/processed/syspin_24k/bho_m/IISc_SYSPINProject_bho_m_SOCI_02832.wav|आकृति विज्ञान भाषण के कुछ हिस्सा,स्वर शैली आउर तनाव, संदर्भ तरीका के देखेला|6.449|bho_m|IISc_SYSPINProject_bho_m_SOCI_02832|SOCIAL
data/processed/syspin_24k/bho_m/IISc_SYSPINProject_bho_m_SOCI_02863.wav|एकइसवीं सदी में बढ़त पर्यावरण संबंधी चिंता के कारण पर्यावरण अर्थशास्त्र एगो व्यापक अध्ययन वाला बिसय बन गइल बा|8.680|bho_m|IISc_SYSPINProject_bho_m_SOCI_02863|SOCIAL
data/processed/syspin_24k/bho_m/IISc_SYSPINProject_bho_m_SOCI_02875.wav|सोसाइटी मिलजुल के प्रोफेशनल मानक बढ़ावे आउर निवेश प्रबंधन के व्यवसायी लोग के सेवा करे ला|7.620|bho_m|IISc_SYSPINProject_bho_m_SOCI_02875|SOCIAL
data/processed/syspin_24k/bho_m/IISc_SYSPINProject_bho_m_SOCI_02894.wav|एक जगह से दूसरे जगह पाए जाए वाला भिन्नता के बारे में हमने आर्थिक भूगोल के अंदर पढ़ी ला|7.049|bho_m|IISc_SYSPINProject_bho_m_SOCI_02894|SOCIAL
data/processed/syspin_24k/bho_m/IISc_SYSPINProject_bho_m_SOCI_02921.wav|विशिष्ट कथन अई सन् शब्द होलेन जवन कि कउनो विशेष आदमी के ओर ईसारा करे लेन|6.280|bho_m|IISc_SYSPINProject_bho_m_SOCI_02921|SOCIAL
data/processed/syspin_24k/bho_m/IISc_SYSPINProject_bho_m_SOCI_03053.wav|स्थिरता के इतिहास संयुक्त राष्ट्र पर्यावरण सम्मेलन के आधार बनल बा|5.600|bho_m|IISc_SYSPINProject_bho_m_SOCI_03053|SOCIAL
data/processed/syspin_24k/bho_m/IISc_SYSPINProject_bho_m_SOCI_03156.wav|शुध्द पानी के मात्रा बहुत कम हौ जवने पे जल विज्ञान बहुत दुख जतउले हौव|5.440|bho_m|IISc_SYSPINProject_bho_m_SOCI_03156|SOCIAL
data/processed/syspin_24k/bho_m/IISc_SYSPINProject_bho_m_SOCI_03206.wav|सामाजिक विज्ञान के पब्लिकेशन में बंसल पब्लिकेशन एगो प्रमुख पब्लिकेशन हौ|5.640|bho_m|IISc_SYSPINProject_bho_m_SOCI_03206|SOCIAL
data/processed/syspin_24k/bho_m/IISc_SYSPINProject_bho_m_SOCI_03233.wav|भाषाई नृविज्ञान कथात्मक विश्लेषण एगो रूप ह जे सुरुआत में, लोककथा सब के विश्लेषण बदे बनावल गईल बा|9.738|bho_m|IISc_SYSPINProject_bho_m_SOCI_03233|SOCIAL
data/processed/syspin_24k/bho_m/IISc_SYSPINProject_bho_m_SOCI_03284.wav|औद्योगिक डिजाइन ग्राफिक डिजाइन फैशन डिजाइन दृश्य कला के अध्ययन के क्षेत्र हवे|6.466|bho_m|IISc_SYSPINProject_bho_m_SOCI_03284|SOCIAL
data/processed/syspin_24k/bho_m/IISc_SYSPINProject_bho_m_SPOR_00054.wav|आर्केटेक्चर के पढाई हमार छोटकी बहिन बैंगलौर में करत हे जवन की बहुत तेज ह पढ़े में|6.220|bho_m|IISc_SYSPINProject_bho_m_SPOR_00054|SPORTS
data/processed/syspin_24k/bho_m/IISc_SYSPINProject_bho_m_SPOR_00144.wav|द एशियन स्कूल देहरादून में एगो बोर्डिंग स्कूल हवे जवना में डे बोर्डिंग, फुल बोर्डिंग दुनो सुविधा हवे|7.440|bho_m|IISc_SYSPINProject_bho_m_SPOR_00144|SPORTS
data/processed/syspin_24k/bho_m/IISc_SYSPINProject_bho_m_SPOR_00185.wav|आत्मनिर्भर अभियान भारत सरकार के हवे अउर इ श्री नरेन्द्र मोदी के द्वारा चलावल जा रहल बा|6.820|bho_m|IISc_SYSPINProject_bho_m_SPOR_00185|SPORTS
data/processed/syspin_24k/bho_m/IISc_SYSPINProject_bho_m_SPOR_00533.wav|नौका विहार नाव से यात्रा करे के इत्मीनान से गतिविधि ह|4.720|bho_m|IISc_SYSPINProject_bho_m_SPOR_00533|SPORTS
data/processed/syspin_24k/bho_m/IISc_SYSPINProject_bho_m_SPOR_00706.wav|तेज तर्रार दिग्गज गेंदाबाज कर्टनी वॉल्श के वेस्टइंडीज महिला क्रिकेट टीम के मुख्य कोच पदे से हटावल गइल|8.000|bho_m|IISc_SYSPINProject_bho_m_SPOR_00706|SPORTS
data/processed/syspin_24k/bho_m/IISc_SYSPINProject_bho_m_SPOR_00801.wav|नेशनल मण्डेला के यादगार में इ स्टेडियम अफ्रीका में बनावल गइल बा|5.260|bho_m|IISc_SYSPINProject_bho_m_SPOR_00801|SPORTS
data/processed/syspin_24k/bho_m/IISc_SYSPINProject_bho_m_SPOR_00888.wav|फारमूल इ रेस के बिजेता अलेक्जेंडर स्लिम के स्वागत करत बड़ा खुसी होत ह|5.580|bho_m|IISc_SYSPINProject_bho_m_SPOR_00888|SPORTS
data/processed/syspin_24k/bho_m/IISc_SYSPINProject_bho_m_SPOR_00903.wav|वजन के कम कर बदे , दिल आउर किडनी के मरीजन के भी ब्रुप्स के करे के चाही|5.240|bho_m|IISc_SYSPINProject_bho_m_SPOR_00903|SPORTS
data/processed/syspin_24k/bho_m/IISc_SYSPINProject_bho_m_SPOR_01022.wav|पुरुषन के सीमित ओवरन के क्रिकेट में भारत ओनइस सौ चउहत्तर अउर दु हजार छह में ओ.डी.आई अउर टी टवेंटि डेब्यू कइलन|9.360|bho_m|IISc_SYSPINProject_bho_m_SPOR_01022|SPORTS
data/processed/syspin_24k/bho_m/IISc_SYSPINProject_bho_m_SPOR_01039.wav|शलभासन के टिड्डा के मुद्रा भी बोलल जाला|3.270|bho_m|IISc_SYSPINProject_bho_m_SPOR_01039|SPORTS
data/processed/syspin_24k/bho_m/IISc_SYSPINProject_bho_m_SPOR_01220.wav|रेणुका सिंह मेघा ठाकुर भारतीय महिला क्रिकेट टीम के सदस्य हइन|4.680|bho_m|IISc_SYSPINProject_bho_m_SPOR_01220|SPORTS
data/processed/syspin_24k/bho_m/IISc_SYSPINProject_bho_m_SPOR_01248.wav|ढोंगी से चलना के मतलब प्राचीन समय में एक जगह से दूसरे जगह जाए बदे डोंगी के उपयोग होत रहल|7.930|bho_m|IISc_SYSPINProject_bho_m_SPOR_01248|SPORTS
data/processed/syspin_24k/bho_m/IISc_SYSPINProject_bho_m_SPOR_01357.wav|मंदुकासान योगा करे बदे चिकित्सक परामर्श देवेलन जवने से पेट के रोग जइसे कब्ज अकारा पाचन के सही करेला|8.742|bho_m|IISc_SYSPINProject_bho_m_SPOR_01357|SPORTS
data/processed/syspin_24k/bho_m/IISc_SYSPINProject_bho_m_SPOR_01427.wav|टेनजिंग नोरगे नेशनल एडवेंचर पुरस्कार के नाम तेनजिंग नोर्गे के नाम पर रखल गइल हवे|6.205|bho_m|IISc_SYSPINProject_bho_m_SPOR_01427|SPORTS
data/processed/syspin_24k/bho_m/IISc_SYSPINProject_bho_m_SPOR_01633.wav|एथेंस भूमध्य सागर में एगो प्रमुख तटीय शहरी क्षेत्र हवे|4.320|bho_m|IISc_SYSPINProject_bho_m_SPOR_01633|SPORTS
data/processed/syspin_24k/bho_m/IISc_SYSPINProject_bho_m_SPOR_01726.wav|रोहिणी एस मेहते जुडो खेल में भारत के नाम बहुत ऊंचाई पर पहुंचा देहलीन|5.000|bho_m|IISc_SYSPINProject_bho_m_SPOR_01726|SPORTS
data/processed/syspin_24k/bho_m/IISc_SYSPINProject_bho_m_SPOR_01773.wav|इक्वेस्टियन फेडरेशन ऑफ इंडिया मे घुड़सवारी के शिक्षा देवल जा ला|4.450|bho_m|IISc_SYSPINProject_bho_m_SPOR_01773|SPORTS
data/processed/syspin_24k/bho_m/IISc_SYSPINProject_bho_m_SPOR_01817.wav|पारंपरिक खेल में उहाँ के निवासी लोग ही निपुण हो सकेलन|3.631|bho_m|IISc_SYSPINProject_bho_m_SPOR_01817|SPORTS
data/processed/syspin_24k/bho_m/IISc_SYSPINProject_bho_m_SPOR_01818.wav|नीतु घंघास भारत के छठवीं विश्व चैंपियन मुक्केबाज बन गइल हयीन|4.739|bho_m|IISc_SYSPINProject_bho_m_SPOR_01818|SPORTS
data/processed/syspin_24k/bho_m/IISc_SYSPINProject_bho_m_SPOR_01822.wav|लुडो बोर्ड हम भी खरीदले रहनी बहुत ढेर महंग पड़ गईल रहल|4.200|bho_m|IISc_SYSPINProject_bho_m_SPOR_01822|SPORTS
data/processed/syspin_24k/bho_m/IISc_SYSPINProject_bho_m_SPOR_01870.wav|उत्कटासन करे बदे दूनो गोड़न के बीचे में थोड़ा सा फासला रख के सीधे खड़ा हो जा|5.751|bho_m|IISc_SYSPINProject_bho_m_SPOR_01870|SPORTS
data/processed/syspin_24k/bho_m/IISc_SYSPINProject_bho_m_SPOR_01887.wav|राष्ट्रीय सेवा योजना पुरस्कार युवा लोग के असाधारण उपलब्धि के पहचान बदे देवल जाला|5.984|bho_m|IISc_SYSPINProject_bho_m_SPOR_01887|SPORTS
data/processed/syspin_24k/bho_m/IISc_SYSPINProject_bho_m_SPOR_01941.wav|एफ्रो एशियाई खेल एशिया अउर अफ्रीका के एथलीटों के बीच आयोजित अंतर महाद्वीपीय बहु खेल प्रतियोगिता के शृंखला ह|8.461|bho_m|IISc_SYSPINProject_bho_m_SPOR_01941|SPORTS
data/processed/syspin_24k/bho_m/IISc_SYSPINProject_bho_m_SPOR_01963.wav|वृक्षासन एगो पेड़ के सुंदर, स्थिर मुद्रा के दर्शावेला|4.274|bho_m|IISc_SYSPINProject_bho_m_SPOR_01963|SPORTS
data/processed/syspin_24k/bho_m/IISc_SYSPINProject_bho_m_SPOR_01987.wav|उत्कटासन फ्लैट पैर के परेशानी के कम करे में मदद करेला|4.920|bho_m|IISc_SYSPINProject_bho_m_SPOR_01987|SPORTS
data/processed/syspin_24k/bho_m/IISc_SYSPINProject_bho_m_SPOR_02023.wav|यह खेल में महिला आउर पुरुष दोनों भाग ले सके ले एमें एक लोहे के पत्थर के उठाके दूर फेंके के पड़ेला|7.320|bho_m|IISc_SYSPINProject_bho_m_SPOR_02023|SPORTS
data/processed/syspin_24k/bho_m/IISc_SYSPINProject_bho_m_SPOR_02040.wav|भारत में खेल संस्कृति के पुनर्जीवित करे बदे खेलो इंडिया कार्यक्रम के शुरुआत कईल गईल हवे|6.015|bho_m|IISc_SYSPINProject_bho_m_SPOR_02040|SPORTS
data/processed/syspin_24k/bho_m/IISc_SYSPINProject_bho_m_SPOR_02245.wav|स्नॉर्कलिंग समुद्र के अंदर तैरे के एगो शुरूआती भाग हवे|4.410|bho_m|IISc_SYSPINProject_bho_m_SPOR_02245|SPORTS
data/processed/syspin_24k/bho_m/IISc_SYSPINProject_bho_m_SPOR_02295.wav|सैनफोर्ड स्टेडियम दुनिया के दस सबसे बड़े स्टेडियमों में से एक हवे|4.540|bho_m|IISc_SYSPINProject_bho_m_SPOR_02295|SPORTS
data/processed/syspin_24k/bho_m/IISc_SYSPINProject_bho_m_SPOR_02412.wav|भारत में घुड़सवारी खेल के समृद्ध विरासत बा|3.120|bho_m|IISc_SYSPINProject_bho_m_SPOR_02412|SPORTS
data/processed/syspin_24k/bho_m/IISc_SYSPINProject_bho_m_SPOR_02449.wav|एथलेटिक्स में विभिन्न प्रकार के आयोजन होत हवे जइसे स्प्रिंट, लंबी कूद, रिले रेस अउर थ्रोइंग इवेंट प्रमुख हवे|8.120|bho_m|IISc_SYSPINProject_bho_m_SPOR_02449|SPORTS
data/processed/syspin_24k/bho_m/IISc_SYSPINProject_bho_m_SPOR_02479.wav|जमीनी पर गमछा आउर मैट बिछाके शीर्षासन करल जाला|3.982|bho_m|IISc_SYSPINProject_bho_m_SPOR_02479|SPORTS
data/processed/syspin_24k/bho_m/IISc_SYSPINProject_bho_m_SPOR_02526.wav|शटलकॉक एक खुला शंकु के आकार के होला|3.300|bho_m|IISc_SYSPINProject_bho_m_SPOR_02526|SPORTS
data/processed/syspin_24k/bho_m/IISc_SYSPINProject_bho_m_SPOR_02641.wav|क्रौंचासन एक ठे पुरान योग मुद्रा ह एके अंगरेजी में हेरॉन पोज के नाम से भी जानल जाला|6.205|bho_m|IISc_SYSPINProject_bho_m_SPOR_02641|SPORTS
data/processed/syspin_24k/bho_m/IISc_SYSPINProject_bho_m_SPOR_02709.wav|कवि कोस्तिस पालमास द्वारा लिखल गयल ओलंपिक गान वास्तव में आधुनिक खेलन के सबसे पुरान संपत्ति हवे|7.670|bho_m|IISc_SYSPINProject_bho_m_SPOR_02709|SPORTS
data/processed/syspin_24k/bho_m/IISc_SYSPINProject_bho_m_SPOR_02750.wav|प्रो कबड्डी दू हजार तेईस में पांच अक्टूबर से शुरू होकर नवम्बर में खतम होई|5.560|bho_m|IISc_SYSPINProject_bho_m_SPOR_02750|SPORTS
data/processed/syspin_24k/bho_m/IISc_SYSPINProject_bho_m_SPOR_02763.wav|हल्कास्टिक के संगे जिम के फर्श पे खेलल जाला, जवन खेल के पारंपरिक फ्लोर हॉकी की तुलना में अधिक सुरक्षित होला|7.840|bho_m|IISc_SYSPINProject_bho_m_SPOR_02763|SPORTS
data/processed/syspin_24k/bho_m/IISc_SYSPINProject_bho_m_SPOR_02768.wav|अखिल भारतीय फुटबॉल महासंघ के स्थापना उन्नीस सौ सैंतीस में करल गईल रहे|5.060|bho_m|IISc_SYSPINProject_bho_m_SPOR_02768|SPORTS
data/processed/syspin_24k/bho_m/IISc_SYSPINProject_bho_m_SPOR_02789.wav|फुटबॉल संघ के वर्तमान के अध्यक्ष कल्याण चौबे जी हउवन|3.640|bho_m|IISc_SYSPINProject_bho_m_SPOR_02789|SPORTS
data/processed/syspin_24k/bho_m/IISc_SYSPINProject_bho_m_SPOR_02809.wav|मन्दुकासन से शुगर रक्तचाप में सुधार होला|3.210|bho_m|IISc_SYSPINProject_bho_m_SPOR_02809|SPORTS
data/processed/syspin_24k/bho_m/IISc_SYSPINProject_bho_m_SPOR_02819.wav|डक प्रेस्कॉट बुकेनेर के बदे फुटबॉल खेलले रहलन|4.660|bho_m|IISc_SYSPINProject_bho_m_SPOR_02819|SPORTS
data/processed/syspin_24k/bho_m/IISc_SYSPINProject_bho_m_SPOR_02825.wav|लैब्रन जेम्स लेकर्स के तरफ़ से खेले वाला एगो अमेरिकी बास्केटबाल खिलाड़ी हवे|5.860|bho_m|IISc_SYSPINProject_bho_m_SPOR_02825|SPORTS
data/processed/syspin_24k/bho_m/IISc_SYSPINProject_bho_m_SPOR_02918.wav|पियरे फ्रेड एक अइसन खिलाड़ी बाटे जे के नाम पर ओलंपिक खेल के बढ़ाव मिलल बा|5.800|bho_m|IISc_SYSPINProject_bho_m_SPOR_02918|SPORTS
data/processed/syspin_24k/bho_m/IISc_SYSPINProject_bho_m_SPOR_02939.wav|स्नॉर्कलिंग के दौरान वेटसूट भी पहनल जा सकेला|3.940|bho_m|IISc_SYSPINProject_bho_m_SPOR_02939|SPORTS
data/processed/syspin_24k/bho_m/IISc_SYSPINProject_bho_m_SPOR_02944.wav|भारत मे आज के न होइ जे मिल्खा सिंह के न जानत होइ एनकर नाम त गिनीज के किताबी में देले हवे|6.910|bho_m|IISc_SYSPINProject_bho_m_SPOR_02944|SPORTS
data/processed/syspin_24k/bho_m/IISc_SYSPINProject_bho_m_SPOR_02967.wav|अमेरिकी फुटबॉल के रुतबा ब्राजील के फुटबॉल या अर्जेंटीना के फुटबॉल जइसन नाहीं हवे|5.700|bho_m|IISc_SYSPINProject_bho_m_SPOR_02967|SPORTS
data/processed/syspin_24k/bho_m/IISc_SYSPINProject_bho_m_SPOR_02972.wav|उन्निस सौ चउतिस मे ब्रिटिश साम्राज्य के खेल के कउनो निशान नाही रहल|4.423|bho_m|IISc_SYSPINProject_bho_m_SPOR_02972|SPORTS
data/processed/syspin_24k/bho_m/IISc_SYSPINProject_bho_m_SPOR_02990.wav|झोऊ राजवंश चीन के एक शाही राजवंश रहल जऊन शांग राजवंश के पालन करत रहल|6.360|bho_m|IISc_SYSPINProject_bho_m_SPOR_02990|SPORTS
data/processed/syspin_24k/bho_m/IISc_SYSPINProject_bho_m_SPOR_03024.wav|शरीर सौष्ठव प्रतियोगिता में अर्नाल्ड श्वाष्टनेगर प्रमुख हवन|4.950|bho_m|IISc_SYSPINProject_bho_m_SPOR_03024|SPORTS
data/processed/syspin_24k/bho_m/IISc_SYSPINProject_bho_m_SPOR_03314.wav|फ्लोरबॉल एक तरे के फ्लोर हाकी हवे जउने में किपर सहित छे खिलाड़ी शामिल रहेलन|6.080|bho_m|IISc_SYSPINProject_bho_m_SPOR_03314|SPORTS
data/processed/syspin_24k/bho_m/IISc_SYSPINProject_bho_m_SPOR_03324.wav|हमार बाबा पहिले कपोतासन करत रहलन हम देखले रहली बड़ा कठिन आसन ह|6.025|bho_m|IISc_SYSPINProject_bho_m_SPOR_03324|SPORTS
data/processed/syspin_24k/bho_m/IISc_SYSPINProject_bho_m_SPOR_03334.wav|गर्भासन योग करे से महिला लोगन के बहुत ही जादा बेहतरीन फायदा होला|5.190|bho_m|IISc_SYSPINProject_bho_m_SPOR_03334|SPORTS
data/processed/syspin_24k/bho_m/IISc_SYSPINProject_bho_m_SPOR_03379.wav|भारत में स्पोर्ट्स अवॉर्ड्स आउर ट्राफियों के सूची में अनेक अवार्ड शामिल हवन|5.630|bho_m|IISc_SYSPINProject_bho_m_SPOR_03379|SPORTS
data/processed/syspin_24k/bho_m/IISc_SYSPINProject_bho_m_SPOR_03384.wav|अंतर्राष्ट्रीय शतरंज महासंघ के स्थापना गुरु गोविन्द करइले रहलन हवे|5.500|bho_m|IISc_SYSPINProject_bho_m_SPOR_03384|SPORTS
data/processed/syspin_24k/bho_m/IISc_SYSPINProject_bho_m_SPOR_03391.wav|बहुमुखी आयोजन मे सबत्तर के खेल जगत के खिलाड़ी अइहन|4.307|bho_m|IISc_SYSPINProject_bho_m_SPOR_03391|SPORTS
data/processed/syspin_24k/bho_m/IISc_SYSPINProject_bho_m_SPOR_03438.wav|अभिनव अपजीत बिंद्रा एक भारतीय ओलंपिक स्वर्ण पदक विजेता सेवानिवृत्त खेल निशानेबाज आउर व्यवसायी ह|8.180|bho_m|IISc_SYSPINProject_bho_m_SPOR_03438|SPORTS
data/processed/syspin_24k/bho_m/IISc_SYSPINProject_bho_m_SPOR_03546.wav|अर्थशास्त्री अर्थव्यवस्था के क्षेत्र के विशेषज्ञ हवन जइसे पूर्व प्रधानमंत्री श्री मनमोहन सिंह|6.840|bho_m|IISc_SYSPINProject_bho_m_SPOR_03546|SPORTS
data/processed/syspin_24k/bho_m/IISc_SYSPINProject_bho_m_TECH_00101.wav|रेड जेके इंडिपेंडेंट डिस्क के रिडंडेंट एरे भी कहल जाला अऊर ई डाटा स्टोरेज के एगो तरीका ह|7.740|bho_m|IISc_SYSPINProject_bho_m_TECH_00101|TECHNOLOGY
data/processed/syspin_24k/bho_m/IISc_SYSPINProject_bho_m_TECH_00172.wav|इन्फोकॉम गेम टेक्स्ट एडवेंचर ह जहां संकेत दिहल कमांड देवे बदे शब्द के छोटी स्ट्रिंग दर्ज करके निर्देशित करेला|8.594|bho_m|IISc_SYSPINProject_bho_m_TECH_00172|TECHNOLOGY
data/processed/syspin_24k/bho_m/IISc_SYSPINProject_bho_m_TECH_00250.wav|रेडियो के अविष्कार मारकोनी कईले रहलन ई दुनिया के पहिला सन्देश इंग्लैंड से अमेरिका भेजले रहलन|7.174|bho_m|IISc_SYSPINProject_bho_m_TECH_00250|TECHNOLOGY
data/processed/syspin_24k/bho_m/IISc_SYSPINProject_bho_m_TECH_00399.wav|एव्रीथिंग टू एगो सहयोगी वेब आधारित समुदाय हवे जेह में आपस में जुड़ल यूजर सबमिट लिखल सामग्री के डेटाबेस होला|9.520|bho_m|IISc_SYSPINProject_bho_m_TECH_00399|TECHNOLOGY
data/processed/syspin_24k/bho_m/IISc_SYSPINProject_bho_m_TECH_00401.wav|एस.ई.ओ में छवि खोज, वीडियो खोज, समाचार खोज या उद्योग विशिष्ट ऊर्ध्वाधर खोज इंजन शामिल ह|8.580|bho_m|IISc_SYSPINProject_bho_m_TECH_00401|TECHNOLOGY
data/processed/syspin_24k/bho_m/IISc_SYSPINProject_bho_m_TECH_00473.wav|जैन तकनीक योजना से अल्ट्रासोनिक प्रवाह माप के कुल समाधान प्रदान करेला|6.100|bho_m|IISc_SYSPINProject_bho_m_TECH_00473|TECHNOLOGY
data/processed/syspin_24k/bho_m/IISc_SYSPINProject_bho_m_TECH_00510.wav|नेटवर्क मैपिंग नेटवर्क पर उपकरणो उनकी कनेक्टिविटी के पता लगावल जाला|5.160|bho_m|IISc_SYSPINProject_bho_m_TECH_00510|TECHNOLOGY
data/processed/syspin_24k/bho_m/IISc_SYSPINProject_bho_m_TECH_00553.wav|भारत के सबसे बड़ नागरिक राष्ट्रीय पुरस्कार भारत रत्न हवे|4.280|bho_m|IISc_SYSPINProject_bho_m_TECH_00553|TECHNOLOGY
data/processed/syspin_24k/bho_m/IISc_SYSPINProject_bho_m_TECH_00560.wav|मैलावेयर कुछ द्वेषपूर्ण कंप्यूटर सॉफ्टवेयर के कहा जाला|4.220|bho_m|IISc_SYSPINProject_bho_m_TECH_00560|TECHNOLOGY
data/processed/syspin_24k/bho_m/IISc_SYSPINProject_bho_m_TECH_00586.wav|विश्लेषण के पश्चात आंकड़ा के ग्राफ या छबि के रूप में प्रस्तुत करल जाला|5.340|bho_m|IISc_SYSPINProject_bho_m_TECH_00586|TECHNOLOGY
data/processed/syspin_24k/bho_m/IISc_SYSPINProject_bho_m_TECH_00649.wav|एगो वेब ब्राउजर की सहायता से हम उन वेब पन्नों के देख सकेला जवना में टेक्स्ट, छवि,वीडियो होला|6.940|bho_m|IISc_SYSPINProject_bho_m_TECH_00649|TECHNOLOGY
data/processed/syspin_24k/bho_m/IISc_SYSPINProject_bho_m_TECH_00672.wav|आई.आर.सी इंटरनेट से जुड़ल कम्प्युटरन के बीच तुरंत यानि सही समय पर सन्देश बतावा भेजे वाला प्रोटोकॉल ह|8.320|bho_m|IISc_SYSPINProject_bho_m_TECH_00672|TECHNOLOGY
data/processed/syspin_24k/bho_m/IISc_SYSPINProject_bho_m_TECH_00682.wav|वीकार्ड एगो अनोखा उत्पाद ह जवन रउआ के मर्चेंट पेमेंट करे में सक्षम बनावेला|6.220|bho_m|IISc_SYSPINProject_bho_m_TECH_00682|TECHNOLOGY
data/processed/syspin_24k/bho_m/IISc_SYSPINProject_bho_m_TECH_00713.wav|रूटिंग इन्फोर्मेशन प्रोटोकॉल में स्प्लिट क्षितिज, रूट पॉइजनिंग या होल्डडाउन तंत्र लागू करल जाला|7.780|bho_m|IISc_SYSPINProject_bho_m_TECH_00713|TECHNOLOGY
data/processed/syspin_24k/bho_m/IISc_SYSPINProject_bho_m_TECH_00721.wav|स्वाइप के मदद से आप आसानी से खरीदारी के अपना अंगुरी के नोक पर ट्र्याक अउर प्रतिबंधित कर सकतानी|7.159|bho_m|IISc_SYSPINProject_bho_m_TECH_00721|TECHNOLOGY
data/processed/syspin_24k/bho_m/IISc_SYSPINProject_bho_m_TECH_00862.wav|एक्साबाइट कंप्यूटर डेटा स्टोरेज के एगो बड़हन इकाई हवे, दू से साठवाँ पावर बाइट ले|6.840|bho_m|IISc_SYSPINProject_bho_m_TECH_00862|TECHNOLOGY
data/processed/syspin_24k/bho_m/IISc_SYSPINProject_bho_m_TECH_00954.wav|सीरियल के अप्रैल दू हजार पंद्रह में एगो लंबा रूप में नॉनफिक्शन कहानी के अभिनय बतावे खातिर पी.ओ.डी अवार्ड मिलल|9.120|bho_m|IISc_SYSPINProject_bho_m_TECH_00954|TECHNOLOGY
data/processed/syspin_24k/bho_m/IISc_SYSPINProject_bho_m_TECH_01061.wav|संपादन में पत्र के जरिये समाचार प्राप्त करके ऊन माध्यमो में सर्वाधिक पुराना माध्यम में पहुँच जाला|7.140|bho_m|IISc_SYSPINProject_bho_m_TECH_01061|TECHNOLOGY
data/processed/syspin_24k/bho_m/IISc_SYSPINProject_bho_m_TECH_01063.wav|इंस्टाबस एकरा के बर्कर, जीरा, जंग, मर्टेन अऊरी सीमेंस एजी द्वारा विकसित कइल गइल बा|8.360|bho_m|IISc_SYSPINProject_bho_m_TECH_01063|TECHNOLOGY
data/processed/syspin_24k/bho_m/IISc_SYSPINProject_bho_m_TECH_01079.wav|कानपुर के स्कूली के प्रोफेसर पीयर टू पीयर के बिषय परएगोसेमिनार करवावत हउवन|6.140|bho_m|IISc_SYSPINProject_bho_m_TECH_01079|TECHNOLOGY
data/processed/syspin_24k/bho_m/IISc_SYSPINProject_bho_m_TECH_01111.wav|किताब पढ़ला से आपके शारीरिक आउर मानसिक दूनो स्वास्थ्य के फायदा होखेला|5.120|bho_m|IISc_SYSPINProject_bho_m_TECH_01111|TECHNOLOGY
data/processed/syspin_24k/bho_m/IISc_SYSPINProject_bho_m_TECH_01145.wav|वर्तमान उपभोग में सूचना प्रौद्योगिकी अध्याक्षरों अउर परिवर्णी शब्दों को सूचीबद्ध करल वे|7.650|bho_m|IISc_SYSPINProject_bho_m_TECH_01145|TECHNOLOGY
data/processed/syspin_24k/bho_m/IISc_SYSPINProject_bho_m_TECH_01178.wav|गोफर प्रोटोकॉल संचार प्रोटोकॉल ह इंटरनेट में दस्तावेज खोजे, पुनर्प्राप्त करे बदे डिज़ाइन करल गईल हवे|8.200|bho_m|IISc_SYSPINProject_bho_m_TECH_01178|TECHNOLOGY
data/processed/syspin_24k/bho_m/IISc_SYSPINProject_bho_m_TECH_01245.wav|कंप्यूटिंग में ट्रेसरौट एगो कंप्यूटर नेटवर्क डायग्नोस्टिक कमांड हवे जे नेटवर्क में पैकेट देरी के नापेला|8.440|bho_m|IISc_SYSPINProject_bho_m_TECH_01245|TECHNOLOGY
data/processed/syspin_24k/bho_m/IISc_SYSPINProject_bho_m_TECH_01291.wav|कंप्यूटर शब्द व्युत्पत्ति सब के सूची में फेमवर्क्स, ऑब्जेक्ट ओरिएंटेड प्रोग्रामिंग, सॉफ्टवेयर बाड़ें|7.640|bho_m|IISc_SYSPINProject_bho_m_TECH_01291|TECHNOLOGY
data/processed/syspin_24k/bho_m/IISc_SYSPINProject_bho_m_TECH_01299.wav|हम त सुनले रहली कि एस.सी.पी फाऊंडेशन एगो काल्पनिक गुप्त संगठन ह|5.352|bho_m|IISc_SYSPINProject_bho_m_TECH_01299|TECHNOLOGY
data/processed/syspin_24k/bho_m/IISc_SYSPINProject_bho_m_TECH_01304.wav|संकलक, डिबग, कबो कबो एगो सॉफ्टवेयर ढांचे के द्वारा अनुप्रयोग के निर्माण के सुविधा देवेला|7.360|bho_m|IISc_SYSPINProject_bho_m_TECH_01304|TECHNOLOGY
data/processed/syspin_24k/bho_m/IISc_SYSPINProject_bho_m_TECH_01355.wav|बुकमार्क के जादा सम्बन्ध कम्प्यूटर के एम.एस से करक होला|4.960|bho_m|IISc_SYSPINProject_bho_m_TECH_01355|TECHNOLOGY
data/processed/syspin_24k/bho_m/IISc_SYSPINProject_bho_m_TECH_01482.wav|पी.के ज़िप फ़ाइल संग्रह करे वाला कंप्यूटर प्रोग्राम ह, लोकप्रिय ज़िप फ़ाइल रूप के पेश करे बदे उल्लेखनीय हवे|7.540|bho_m|IISc_SYSPINProject_bho_m_TECH_01482|TECHNOLOGY
data/processed/syspin_24k/bho_m/IISc_SYSPINProject_bho_m_TECH_01486.wav|मूविंग पिक्चर एक्सपर्ट्स ग्रुप आई.एस.ओ आउर आई.ई.सी द्वारा संयुक्त रूप से स्थापित काम समूह के एगो गठबंधन हवे|9.520|bho_m|IISc_SYSPINProject_bho_m_TECH_01486|TECHNOLOGY
data/processed/syspin_24k/bho_m/IISc_SYSPINProject_bho_m_TECH_01508.wav|नेवादा बैंक के बगलिया में फ्रीवेयर के नयका आइसक्रीम पार्लर खुलल हवे|5.540|bho_m|IISc_SYSPINProject_bho_m_TECH_01508|TECHNOLOGY
data/processed/syspin_24k/bho_m/IISc_SYSPINProject_bho_m_TECH_01525.wav|अहंकार जवन आदमीन के अंदर लुकाईल होला उह उकर गुप्त पहिचान होला|5.433|bho_m|IISc_SYSPINProject_bho_m_TECH_01525|TECHNOLOGY
data/processed/syspin_24k/bho_m/IISc_SYSPINProject_bho_m_TECH_01563.wav|विंडोज थ्री पॉइंट वन के रिलीज के पहिला तीन महीना में तीन मिलियन से ढेर कॉपी बिकाइल|6.340|bho_m|IISc_SYSPINProject_bho_m_TECH_01563|TECHNOLOGY
data/processed/syspin_24k/bho_m/IISc_SYSPINProject_bho_m_TECH_01584.wav|नेटिकेट नेटवर्क अउर शिष्टाचार या इंटरनेट अउर शिष्टाचार बोलचाल के पोर्टमैंट्यू हवे|7.220|bho_m|IISc_SYSPINProject_bho_m_TECH_01584|TECHNOLOGY
data/processed/syspin_24k/bho_m/IISc_SYSPINProject_bho_m_TECH_01612.wav|थियोडोर होल्म नेल्सन सूचना प्रौद्योगिकी, दार्शनिक आउर समाजशास्त्री के अमेरिकी अग्रणी हवे|7.240|bho_m|IISc_SYSPINProject_bho_m_TECH_01612|TECHNOLOGY
data/processed/syspin_24k/bho_m/IISc_SYSPINProject_bho_m_TECH_01708.wav|आर.एस.ए मे सुबिधा के कउनो कमी नाही हवे तभ्भो अच्छा नाही लगेला|4.670|bho_m|IISc_SYSPINProject_bho_m_TECH_01708|TECHNOLOGY
data/processed/syspin_24k/bho_m/IISc_SYSPINProject_bho_m_TECH_01780.wav|संघ के मुख्यालय ऐन आर्बर, मिशिगन में स्थित हवे, जेकर कार्यालय वाशिंगटन, डी.सी. कैलिफ़ोर्निया में हवे|7.380|bho_m|IISc_SYSPINProject_bho_m_TECH_01780|TECHNOLOGY
data/processed/syspin_24k/bho_m/IISc_SYSPINProject_bho_m_TECH_01809.wav|वाई.टू.के एगो स्टोरेज डाटा कलेण्डर हवे एकर प्रयोग बड़ बड़ कंपनी में करल जाला|6.180|bho_m|IISc_SYSPINProject_bho_m_TECH_01809|TECHNOLOGY
data/processed/syspin_24k/bho_m/IISc_SYSPINProject_bho_m_TECH_02066.wav|जेमे एगो छवि वैकल्पिक बड़ ज़ूमिंग टेक्स्ट आउर लूपिंग ध्वनि फ़ाइल के संगे केंद्रित या टाइल करल हवे|8.130|bho_m|IISc_SYSPINProject_bho_m_TECH_02066|TECHNOLOGY
data/processed/syspin_24k/bho_m/IISc_SYSPINProject_bho_m_TECH_02127.wav|जब हम्मन घरे या आफीस बदे जउने कंपनी के इंटरनेट कनेक्शन लेईला ओ कंपनी के इंटरनेट सेवा प्रोवाइडर कहल जाला|7.640|bho_m|IISc_SYSPINProject_bho_m_TECH_02127|TECHNOLOGY
data/processed/syspin_24k/bho_m/IISc_SYSPINProject_bho_m_TECH_02184.wav|पेनपैल वर्ल्ड एगो सीमित मुफ्त खाता देला जवना से रउरा चौबीस घंटा के भीतर तीन सदस्यन से संपर्क कर सकेनी|8.840|bho_m|IISc_SYSPINProject_bho_m_TECH_02184|TECHNOLOGY
data/processed/syspin_24k/bho_m/IISc_SYSPINProject_bho_m_TECH_02267.wav|थिंकिंग मशीन, एप्पल कंप्यूटर, डॉव जोन्स अउर के.पी.एम.जी पीट मारविक परियोजना के रूप में बनावल गईल रहे|8.760|bho_m|IISc_SYSPINProject_bho_m_TECH_02267|TECHNOLOGY
data/processed/syspin_24k/bho_m/IISc_SYSPINProject_bho_m_TECH_02337.wav|वाइड एरिया नेटवर्क अकसर पट्टे पर दूरसंचार सर्किट के साथ स्थापित होला|5.630|bho_m|IISc_SYSPINProject_bho_m_TECH_02337|TECHNOLOGY
data/processed/syspin_24k/bho_m/IISc_SYSPINProject_bho_m_TECH_02353.wav|मल्टीकास्ट के भौतिक परत बिंदु से बहुबिंदु संचार से भ्रमित ना होखेला|5.620|bho_m|IISc_SYSPINProject_bho_m_TECH_02353|TECHNOLOGY
data/processed/syspin_24k/bho_m/IISc_SYSPINProject_bho_m_TECH_02586.wav|जवन द्वारा इंटरनेट पर उपलब्ध टीवी चैनल के स्ट्रीमिंग करके लाइव खबरें,अन्य सामग्री देख सकेला|7.194|bho_m|IISc_SYSPINProject_bho_m_TECH_02586|TECHNOLOGY
data/processed/syspin_24k/bho_m/IISc_SYSPINProject_bho_m_TECH_02743.wav|वीडियो एडिटिंग फुटेज में दोष के सुधारे के प्रक्रिया हवे|3.920|bho_m|IISc_SYSPINProject_bho_m_TECH_02743|TECHNOLOGY
data/processed/syspin_24k/bho_m/IISc_SYSPINProject_bho_m_TECH_02770.wav|ऐ.एस.ओ आठ आठ पाँच नौ एक ल्याटिन लिपि के एक सौ इक्यानवे वर्णन से मिलके बनल ह|8.340|bho_m|IISc_SYSPINProject_bho_m_TECH_02770|TECHNOLOGY
data/processed/syspin_24k/bho_m/IISc_SYSPINProject_bho_m_TECH_02829.wav|फ्लॉपी डिस्क एगो मैगनेटिक स्टोरेज के पतला आउर लचीला डिस्क से बनल होला|6.120|bho_m|IISc_SYSPINProject_bho_m_TECH_02829|TECHNOLOGY
data/processed/syspin_24k/bho_m/IISc_SYSPINProject_bho_m_TECH_02984.wav|बायोस खाद के जांच कर के बाद ही उपयोग मे लियावे के चाही|4.870|bho_m|IISc_SYSPINProject_bho_m_TECH_02984|TECHNOLOGY
data/processed/syspin_24k/bho_m/IISc_SYSPINProject_bho_m_TECH_03075.wav|इंटरनेट पर बम बनावे के निर्देश विधायकन के बीच एगो काज सेलेब्रे रहल बा|5.980|bho_m|IISc_SYSPINProject_bho_m_TECH_03075|TECHNOLOGY
data/processed/syspin_24k/bho_m/IISc_SYSPINProject_bho_m_TECH_03168.wav|नैक्सपोर्ट वीडियो एनालिसिस सॉफ्टवेयर के वीडियो के माध्यम से खेल के विश्लेषण करे खातिर बनावल गईल बा|7.050|bho_m|IISc_SYSPINProject_bho_m_TECH_03168|TECHNOLOGY
data/processed/syspin_24k/bho_m/IISc_SYSPINProject_bho_m_TECH_03187.wav|दूरस्थ प्रणाली परिचारक पे अनुरोधित सेवा के निष्पादित करल जा सकेला|5.353|bho_m|IISc_SYSPINProject_bho_m_TECH_03187|TECHNOLOGY
data/processed/syspin_24k/bho_m/IISc_SYSPINProject_bho_m_TECH_03266.wav|एक पत्र कई लोग के भेजल जाला, जवना से सब के अन्य लोग के प्रतिया बनावे आउर मेल करे बदे कहल जाला|7.504|bho_m|IISc_SYSPINProject_bho_m_TECH_03266|TECHNOLOGY
data/processed/syspin_24k/bho_m/IISc_SYSPINProject_bho_m_TECH_03286.wav|जे करा से दूसरे कई अन्य संबंधित जालस्थलन पे पहुंचा जा सकेला|5.206|bho_m|IISc_SYSPINProject_bho_m_TECH_03286|TECHNOLOGY
data/processed/syspin_24k/bho_m/IISc_SYSPINProject_bho_m_TECH_03365.wav|गैर परित्याग शब्द जालसाजी से जुड़ल हवे|3.740|bho_m|IISc_SYSPINProject_bho_m_TECH_03365|TECHNOLOGY
